{
    "ucp": {
        "parameters": {
            "num_loads": 64,
            "num_plants": 4,
            "offset_loads": 0
        },
        "loads": [
            1429.9331333263183,
            1401.063673016882,
            1352.9736274627264,
            1368.3730126064393,
            1241.2746686507062,
            1253.8443806476105,
            1247.6754666619568,
            1152.5638671370582,
            1183.0441223421396,
            1107.8505127209849,
            1118.4261414036694,
            1063.151934645794,
            982.2823878739579,
            1022.405152022049,
            1003.2053704179672,
            934.2737116964461,
            1002.9254209754799,
            961.4303275344153,
            1001.6990666295139,
            993.1006742076502,
            974.7675502852768,
            1081.052861071177,
            999.2119934254309,
            962.8408080730967,
            1164.9900465341052,
            1028.8019441849908,
            973.0626413191404,
            1007.7482896252632,
            1019.578468351831,
            1009.1978979459818,
            1331.4246581198954,
            1088.7585853425883,
            996.9417141356535,
            1076.7011924914716,
            976.6676252017032,
            1104.5024823353117,
            1111.428176490024,
            1057.6514389278414,
            1093.7990015608204,
            1422.1601092733492,
            1591.3022567653134,
            1590.9198544209587,
            1524.1017787951685,
            1356.307657612952,
            1503.8813590233838,
            1589.1879004733883,
            1630.1823873371168,
            1808.7789045732304,
            1770.70940850012,
            1649.5635188226208,
            1618.7314936602263,
            1686.8304415786295,
            1757.4962875133629,
            1939.2175075112152,
            1706.3496879026281,
            1821.2700663569076,
            1955.0399397840658,
            1977.8090280675194,
            1727.4002589604415,
            1650.0064053175656,
            1786.2789766294275,
            1986.5,
            1935.3364740730347,
            1864.721564043588
        ],
        "plants": [
            {
                "A": 95.856,
                "B": 7.374,
                "C": 0.047,
                "Pmin": 193.55,
                "Pmax": 553,
                "AU": 4.39635,
                "AD": 0,
                "initially_on": false,
                "type": "coal, subcritical"
            },
            {
                "A": 96.279,
                "B": 7.592,
                "C": 0.042,
                "Pmin": 261.45,
                "Pmax": 747,
                "AU": 5.93865,
                "AD": 0,
                "initially_on": false,
                "type": "coal, subcritical"
            },
            {
                "A": 95.856,
                "B": 7.374,
                "C": 0.047,
                "Pmin": 145.6,
                "Pmax": 773,
                "AU": 8.275738,
                "AD": 0,
                "initially_on": false,
                "type": "coal, supercritical"
            },
            {
                "A": 96.279,
                "B": 7.592,
                "C": 0.042,
                "Pmin": 380,
                "Pmax": 1900,
                "AU": 20.3414,
                "AD": 0,
                "initially_on": false,
                "type": "coal, supercritical"
            }
        ]
    },
    "time": 5.718443,
    "optimal": true,
    "o": 2110767.149382948,
    "u": [
        [
            true,
            true,
            true,
            true,
            true,
            true,
            true,
            true,
            true,
            true,
            true,
            true,
            true,
            true,
            true,
            true,
            true,
            true,
            true,
            true,
            true,
            true,
            true,
            true,
            true,
            true,
            true,
            true,
            true,
            true,
            true,
            true,
            true,
            true,
            true,
            true,
            true,
            true,
            true,
            true,
            true,
            true,
            true,
            true,
            true,
            true,
            true,
            true,
            true,
            true,
            true,
            true,
            true,
            true,
            true,
            true,
            true,
            true,
            true,
            true,
            true,
            true,
            true,
            true
        ],
        [
            true,
            true,
            true,
            true,
            true,
            true,
            true,
            true,
            true,
            true,
            true,
            true,
            false,
            true,
            true,
            false,
            true,
            false,
            false,
            false,
            false,
            true,
            false,
            false,
            true,
            true,
            false,
            false,
            true,
            false,
            true,
            true,
            true,
            true,
            false,
            true,
            true,
            true,
            true,
            true,
            true,
            true,
            true,
            true,
            true,
            true,
            true,
            true,
            true,
            true,
            true,
            true,
            true,
            true,
            true,
            true,
            true,
            true,
            true,
            true,
            true,
            true,
            true,
            true
        ],
        [
            true,
            true,
            true,
            true,
            true,
            true,
            true,
            true,
            true,
            true,
            true,
            true,
            true,
            true,
            true,
            true,
            true,
            true,
            true,
            true,
            true,
            true,
            true,
            true,
            true,
            true,
            true,
            true,
            true,
            true,
            true,
            true,
            true,
            true,
            true,
            true,
            true,
            true,
            true,
            true,
            true,
            true,
            true,
            true,
            true,
            true,
            true,
            true,
            true,
            true,
            true,
            true,
            true,
            true,
            true,
            true,
            true,
            true,
            true,
            true,
            true,
            true,
            true,
            true
        ],
        [
            true,
            true,
            true,
            true,
            true,
            true,
            true,
            true,
            true,
            true,
            true,
            true,
            true,
            true,
            false,
            true,
            false,
            true,
            true,
            true,
            true,
            true,
            true,
            true,
            true,
            true,
            true,
            true,
            true,
            true,
            true,
            true,
            false,
            true,
            true,
            true,
            true,
            false,
            true,
            true,
            true,
            true,
            true,
            true,
            true,
            true,
            true,
            true,
            true,
