{
    "ucp": {
        "parameters": {
            "num_loads": 54,
            "num_plants": 4,
            "offset_loads": 0
        },
        "loads": [
            1464.7981251975693,
            1435.224762393983,
            1385.9621731674995,
            1401.7370300205846,
            1271.5397420474078,
            1284.4159319462378,
            1278.0966059371465,
            1180.6659713000372,
            1211.8894038084425,
            1134.8624045503097,
            1145.6958908904344,
            1089.0739744219516,
            1006.2326458757656,
            1047.3336934227602,
            1027.6657778801361,
            957.0534099946788,
            1027.3790026394286,
            984.8721653190161,
            1026.122747011153,
            1017.3147064072119,
            998.5345796134236,
            1107.4113657698983,
            1023.5750333582108,
            986.3170365514786,
            1193.3951289508022,
            1053.886453792582,
            996.7881011250066,
            1032.3194636943053,
            1044.4380888352714,
            1033.804416732298,
            1363.8877913956105,
            1115.3049729624222,
            1021.2493995437085,
            1102.9535937045673,
            1000.4809826377679,
            1131.432741639688,
            1138.5272998236192,
            1083.4393642240805,
            1120.4682858856686,
            1456.8355773031662,
            1630.1017914804552,
            1629.7100653052746,
            1561.2628144339772,
            1389.377494485387,
            1540.5493752653088,
            1627.9358824178355,
            1669.9299072445353,
            1852.8810100039495,
            1813.8832938342505,
            1689.7835943873279,
            1658.199814977404,
            1727.959168694009,
            1800.3480071845956,
            1986.5
        ],
        "plants": [
            {
                "A": 95.856,
                "B": 7.374,
                "C": 0.047,
                "Pmin": 193.55,
                "Pmax": 553,
                "AU": 4.39635,
                "AD": 0,
                "initially_on": false,
                "type": "coal, subcritical"
            },
            {
                "A": 96.279,
                "B": 7.592,
                "C": 0.042,
                "Pmin": 261.45,
                "Pmax": 747,
                "AU": 5.93865,
                "AD": 0,
                "initially_on": false,
                "type": "coal, subcritical"
            },
            {
                "A": 95.856,
                "B": 7.374,
                "C": 0.047,
                "Pmin": 145.6,
                "Pmax": 773,
                "AU": 8.275738,
                "AD": 0,
                "initially_on": false,
                "type": "coal, supercritical"
            },
            {
                "A": 96.279,
                "B": 7.592,
                "C": 0.042,
                "Pmin": 380,
                "Pmax": 1900,
                "AU": 20.3414,
                "AD": 0,
                "initially_on": false,
                "type": "coal, supercritical"
            }
        ]
    },
    "time": 5.562614,
    "optimal": true,
    "o": 1623553.3659180794,
    "u": [
        [
            true,
            true,
            true,
            true,
            true,
            true,
            true,
            true,
            true,
            true,
            true,
            true,
            true,
            true,
            true,
            true,
            true,
            true,
            true,
            true,
            true,
            true,
            true,
            true,
            true,
            true,
            true,
            true,
            true,
            true,
            true,
            true,
            true,
            true,
            true,
            true,
            true,
            true,
            true,
            true,
            true,
            true,
            true,
            true,
            true,
            true,
            true,
            true,
            true,
            true,
            true,
            true,
            true,
            true
        ],
        [
            true,
            true,
            true,
            true,
            true,
            true,
            true,
            true,
            true,
            true,
            true,
            true,
            false,
            true,
            true,
            false,
            true,
            false,
            true,
            true,
            true,
            true,
            true,
            false,
            true,
            true,
            true,
            true,
            true,
            true,
            true,
            true,
            true,
            true,
            false,
            true,
            true,
            true,
            true,
            true,
            true,
            true,
            true,
            true,
            true,
            true,
            true,
            true,
            true,
            true,
            true,
            true,
            true,
            true
        ],
        [
            true,
            true,
            true,
            true,
            true,
            true,
            true,
            true,
            true,
            true,
            true,
            true,
            true,
            true,
            true,
            true,
            true,
            true,
            true,
            true,
            true,
            true,
            true,
            true,
            true,
            true,
            true,
            true,
            true,
            true,
            true,
            true,
            true,
            true,
            true,
            true,
            true,
            true,
            true,
            true,
            true,
            true,
            true,
            true,
            true,
            true,
            true,
            true,
            true,
            true,
            true,
            true,
            true,
            true
        ],
        [
            true,
            true,
            true,
            true,
            true,
            true,
            true,
            true,
            true,
            true,
            true,
            true,
            true,
            true,
            true,
            true,
            true,
            true,
            false,
            true,
            false,
            true,
            true,
            true,
            true,
            true,
            false,
            true,
            true,
            true,
            true,
            true,
            true,
            true,
            true,
            true,
            true,
            true,
            true,
            true,
            true,
            true,
            true,
            true,
            true,
            true,
            true,
            true,
            true,
            true,
            true,
            true,
            true,
            true
        ]
    ],