{
    "ucp": {
        "parameters": {
            "num_loads": 60,
            "num_plants": 4,
            "offset_loads": 0
        },
        "loads": [
            1436.2166058712917,
            1407.2202861605206,
            1358.9189212978717,
            1374.3859750699316,
            1246.7291302052085,
            1259.3540765612518,
            1253.1580548733164,
            1157.628511942258,
            1188.2427047716108,
            1112.718676216451,
            1123.340776773187,
            1067.8236817623479,
            986.5987746138464,
            1026.8978479061047,
            1007.6136978111003,
            938.3791366845916,
            1007.3325182029538,
            965.6550852704041,
            1006.1007749589451,
            997.4645991180847,
            979.0509150085634,
            1085.8032691943906,
            1003.6027729527867,
            967.0717638022179,
            1170.1092949814338,
            1033.3227491232358,
            977.3385142594682,
            1012.176579705775,
            1024.058743103163,
            1013.6325579565778,
            1337.275260564176,
            1093.5428542847242,
            1001.3225175059048,
            1081.4324783288887,
            980.959339314407,
            1109.3559337743063,
            1116.31206110667,
            1062.2990155338855,
            1098.6054193127045,
            1428.409425267859,
            1598.2948243253638,
            1597.910741612483,
            1530.799051177778,
            1362.2676019841433,
            1510.4897779837438,
            1596.1711770397546,
            1637.3458036084107,
            1816.72711720075,
            1778.4903345407347,
            1656.8121004801424,
            1625.8445919310786,
            1694.242783121502,
            1765.2191518998911,
            1947.7388989547674,
            1713.8478017417829,
            1829.2731681749028,
            1963.6308588275203,
            1986.4999999999998,
            1734.990874107675,
            1657.2569331256216
        ],
        "plants": [
            {
                "A": 95.856,
                "B": 7.374,
                "C": 0.047,
                "Pmin": 193.55,
                "Pmax": 553,
                "AU": 4.39635,
                "AD": 0,
                "initially_on": false,
                "type": "coal, subcritical"
            },
            {
                "A": 96.279,
                "B": 7.592,
                "C": 0.042,
                "Pmin": 261.45,
                "Pmax": 747,
                "AU": 5.93865,
                "AD": 0,
                "initially_on": false,
                "type": "coal, subcritical"
            },
            {
                "A": 95.856,
                "B": 7.374,
                "C": 0.047,
                "Pmin": 145.6,
                "Pmax": 773,
                "AU": 8.275738,
                "AD": 0,
                "initially_on": false,
                "type": "coal, supercritical"
            },
            {
                "A": 96.279,
                "B": 7.592,
                "C": 0.042,
                "Pmin": 380,
                "Pmax": 1900,
                "AU": 20.3414,
                "AD": 0,
                "initially_on": false,
                "type": "coal, supercritical"
            }
        ]
    },
    "time": 5.680682,
    "optimal": true,
    "o": 1903492.1355077703,
    "u": [
        [
            true,
            true,
            true,
            true,
            true,
            true,
            true,
            true,
            true,
            true,
            true,
            true,
            true,
            true,
            true,
            true,
            true,
            true,
            true,
            true,
            true,
            true,
            true,
            true,
            true,
            true,
            true,
            true,
            true,
            true,
            true,
            true,
            true,
            true,
            true,
            true,
            true,
            true,
            true,
            true,
            true,
            true,
            true,
            true,
            true,
            true,
            true,
            true,
            true,
            true,
            true,
            true,
            true,
            true,
            true,
            true,
            true,
            true,
            true,
            true
        ],
        [
            true,
            true,
            true,
            true,
            true,
            true,
            true,
            true,
            true,
            true,
            true,
            true,
            false,
            true,
            false,
            false,
            false,
            false,
            true,
            false,
            false,
            true,
            true,
            false,
            true,
            true,
            false,
            false,
            true,
            false,
            true,
            true,
            false,
            true,
            true,
            true,
            true,
            true,
            true,
            true,
            true,
            true,
            true,
            true,
            true,
            true,
            true,
            true,
            true,
            true,
            true,
            true,
            true,
            true,
            true,
            true,
            true,
            true,
            true,
            true
        ],
        [
            true,
            true,
            true,
            true,
            true,
            true,
            true,
            true,
            true,
            true,
            true,
            true,
            true,
            true,
            true,
            true,
            true,
            true,
            true,
            true,
            true,
            true,
            true,
            true,
            true,
            true,
            true,
            true,
            true,
            true,
            true,
            true,
            true,
            true,
            true,
            true,
            true,
            true,
            true,
            true,
            true,
            true,
            true,
            true,
            true,
            true,
            true,
            true,
            true,
            true,
            true,
            true,
            true,
            true,
            true,
            true,
            true,
            true,
            true,
            true
        ],
        [
            true,
            true,
            true,
            true,
            true,
            true,
            true,
            true,
            true,
            true,
            true,
            true,
            true,
            true,
            true,
            true,
            true,
            true,
            false,
            true,
            true,
            true,
            false,
            true,
            true,
            true,
            true,
            true,
            true,
            true,
            true,
            true,
            true,
            true,
            false,
            true,
            true,
            true,
            true,
            true,
            true,
            true,
            true,
            true,
            true,
            true,
            true,
            true,
            true,
            true,
            true,
            true,
            true,
            true,
            true,
            true,
            true,
            true,
            true,
            true
        ]
    ],