{
    "ucp": {
        "parameters": {
            "num_loads": 68,
            "num_plants": 4,
            "offset_loads": 0
        },
        "loads": [
            1366.7151073500186,
            1339.1219796530856,
            1293.1580179543141,
            1307.8765889345218,
            1186.3973233975446,
            1198.411322430664,
            1192.5151390752067,
            1101.6084687384484,
            1130.7411773202573,
            1058.8719130516884,
            1068.9799881451906,
            1016.1494804367318,
            938.8552149066282,
            977.204132511102,
            958.8531824110238,
            892.9690252055418,
            958.5856096669393,
            918.9250341022063,
            957.4134730316428,
            949.1952196406268,
            931.6726118727083,
            1033.2589983651822,
            955.0363545203746,
            920.2731566234006,
            1113.4852808164226,
            983.31811944092,
            930.0430777452945,
            963.1952569929581,
            974.5024178744183,
            964.5807774382798,
            1272.561738826101,
            1040.6240488905262,
            952.8664453610386,
            1029.0997191293563,
            933.4886835706458,
            1055.6719006865494,
            1062.291406598768,
            1010.8921642584903,
            1045.4416259032114,
            1359.2857323985652,
            1520.9500248603708,
            1520.5845287060858,
            1456.7205120793842,
            1296.3446490410938,
            1437.3940467118946,
            1518.929145268769,
            1558.111246311765,
            1728.811926321109,
            1692.4255008305063,
            1576.6355287284944,
            1547.1666021069975,
            1612.2548630512133,
            1679.7965382259144,
            1853.4837763972564,
            1630.9111541835396,
            1740.7508478834006,
            1868.606691391207,
            1890.3691474196182,
            1651.0310694526775,
            1577.0588350002179,
            1707.306730925329,
            1898.6758873369213,
            1849.774325298831,
            1782.2813341287447,
            1838.2982582219504,
            1759.5919575975468,
            1915.5344584130178,
            1986.5
        ],
        "plants": [
            {
                "A": 95.856,
                "B": 7.374,
                "C": 0.047,
                "Pmin": 193.55,
                "Pmax": 553,
                "AU": 4.39635,
                "AD": 0,
                "initially_on": false,
                "type": "coal, subcritical"
            },
            {
                "A": 96.279,
                "B": 7.592,
                "C": 0.042,
                "Pmin": 261.45,
                "Pmax": 747,
                "AU": 5.93865,
                "AD": 0,
                "initially_on": false,
                "type": "coal, subcritical"
            },
            {
                "A": 95.856,
                "B": 7.374,
                "C": 0.047,
                "Pmin": 145.6,
                "Pmax": 773,
                "AU": 8.275738,
                "AD": 0,
                "initially_on": false,
                "type": "coal, supercritical"
            },
            {
                "A": 96.279,
                "B": 7.592,
                "C": 0.042,
                "Pmin": 380,
                "Pmax": 1900,
                "AU": 20.3414,
                "AD": 0,
                "initially_on": false,
                "type": "coal, supercritical"
            }
        ]
    },
    "time": 5.807293,
    "optimal": true,
    "o": 2194301.9152395073,
    "u": [
        [
            true,
            true,
            true,
            true,
            true,
            true,
            true,
            true,
            true,
            true,
            true,
            true,
            true,
            true,
            true,
            true,
            true,
            true,
            true,
            true,
            true,
            true,
            true,
            true,
            true,
            true,
            true,
            true,
            true,
            true,
            true,
            true,
            true,
            true,
            true,
            true,
            true,
            true,
            true,
            true,
            true,
            true,
            true,
            true,
            true,
            true,
            true,
            true,
            true,
            true,
            true,
            true,
            true,
            true,
            true,
            true,
            true,
            true,
            true,
            true,
            true,
            true,
            true,
            true,
            true,
            true,
            true,
            true
        ],
        [
            true,
            true,
            true,
            true,
            true,
            true,
            true,
            true,
            true,
            true,
            true,
            false,
            false,
            false,
            false,
            false,
            false,
            false,
            false,
            false,
            false,
            true,
            false,
            false,
            true,
            false,
            false,
            false,
            false,
            false,
            true,
            true,
            false,
            true,
            false,
            true,
            true,
            false,
            true,
            true,
            true,
            true,
            true,
            true,
            true,
            true,
            true,
            true,
            true,
            true,
            true,
            true,
            true,
            true,
            true,
            true,
            true,
            true,
            true,
            true,
            true,
            true,
            true,
            true,
            true,
            true,
            true,
            true
        ],
        [
            true,
            true,
            true,
            true,
            true,
            true,
            true,
            true,
            true,
            true,
            true,
            true,
            true,
            true,
            true,
            true,
            true,
            true,
            true,
            true,
            true,
            true,
            true,
            true,
            true,
            true,
            true,
            true,
            true,
            true,
            true,
            true,
            true,
            true,
            true,
            true,
            true,
            true,
            true,
            true,
            true,
            true,
            true,
            true,
            true,
            true,
            true,
            true,
            true,
            true,
            true,
            true,
            true,
            true,
            true,
            true,
            true,
            true,
            true,
            true,
            true,
            true,
            true,
            true,
            true,
            true,
            true,
            true
        ],
        [
            true,
            true,
            true,
            true,
            true,
            true,
            true,
            true,
            true,
            true,
            true,
            true,
            true,
            true,
            true,
            true,
            true,
            true,
            true,
            true,
            true,
            true,
            true,
            true,
            true,
            true,
            true,
            true,
            true,
            true,
            true,
