{
    "ucp": {
        "parameters": {
            "num_loads": 6,
            "num_plants": 4,
            "offset_loads": 0
        },
        "loads": [
            1986.5,
            1946.3938009280969,
            1879.5858689578056,
            1900.9790920918308,
            1724.4107936282926,
            1741.8729618233644
        ],
        "plants": [
            {
                "A": 95.856,
                "B": 7.374,
                "C": 0.047,
                "Pmin": 193.55,
                "Pmax": 553,
                "AU": 4.39635,
                "AD": 0,
                "initially_on": false,
                "type": "coal, subcritical"
            },
            {
                "A": 96.279,
                "B": 7.592,
                "C": 0.042,
                "Pmin": 261.45,
                "Pmax": 747,
                "AU": 5.93865,
                "AD": 0,
                "initially_on": false,
                "type": "coal, subcritical"
            },
            {
                "A": 95.856,
                "B": 7.374,
                "C": 0.047,
                "Pmin": 145.6,
                "Pmax": 773,
                "AU": 8.275738,
                "AD": 0,
                "initially_on": false,
                "type": "coal, supercritical"
            },
            {
                "A": 96.279,
                "B": 7.592,
                "C": 0.042,
                "Pmin": 380,
                "Pmax": 1900,
                "AU": 20.3414,
                "AD": 0,
                "initially_on": false,
                "type": "coal, supercritical"
            }
        ]
    },
    "time": 4.993553,
    "optimal": true,
    "o": 318225.346234084,
    "u": [
        [
            true,
            true,
            true,
            true,
            true,
            true
        ],
        [
            true,
            true,
            true,
            true,
            true,
            true
        ],
        [
            true,
            true,
            true,
            true,
            true,
            true
        ],
        [
            true,
            true,
            true,
            true,
            true,
            true
        ]
    ],
    "p": [
        [
            493.1999663096549,
            484.7688394928424,
            468.5167981406291,
            470.6623997510683,
            417.0759126927874,
            424.5447989555851
        ],
        [
            495.0830308257839,
            484.61803304122947,
            464.2982497535323,
            474.27530297687474,
            422.1146223702068,
            423.78592798784314
        ],
        [
            497.91869390822114,
            485.32641757783983,
            465.73144227785383,
            472.8564089676581,
            415.03870071122066,
            421.68937140822203
        ],
        [
            500.2983089563402,
            491.680510816185,
            481.03937878579035,
            483.18498039622955,
            470.18155785407777,
            471.8528634717141
        ]
    ]
}