{
    "ucp": {
        "parameters": {
            "num_loads": 42,
            "num_plants": 4,
            "offset_loads": 0
        },
        "loads": [
            1785.055075034472,
            1749.0159236659126,
            1688.9827809444798,
            1708.2065823674534,
            1549.5435381879715,
            1565.2349210008176,
            1557.5339656478031,
            1438.801530214529,
            1476.8515151922252,
            1382.983675265914,
            1396.1857468955097,
            1327.1842663422692,
            1226.2308780219353,
            1276.3180758759743,
            1252.3500547194924,
            1166.2993126507613,
            1252.000580215113,
            1200.2002369615107,
            1250.4696624413812,
            1239.7358709989228,
            1216.8497407763564,
            1349.5308634094458,
            1247.3649280020838,
            1201.9610084165743,
            1454.3137343022747,
            1284.3035026405378,
            1214.7214199957937,
            1258.0212017105346,
            1272.7893891748681,
            1259.8308182788924,
            1662.0821544811274,
            1359.1502937848381,
            1244.5308279497717,
            1344.0984638782866,
            1219.2216967045492,
            1378.8041661042423,
            1387.449846948246,
            1320.3177300213042,
            1365.4424904903663,
            1775.351631068641,
            1986.5,
            1986.0226285554295
        ],
        "plants": [
            {
                "A": 95.856,
                "B": 7.374,
                "C": 0.047,
                "Pmin": 193.55,
                "Pmax": 553,
                "AU": 4.39635,
                "AD": 0,
                "initially_on": false,
                "type": "coal, subcritical"
            },
            {
                "A": 96.279,
                "B": 7.592,
                "C": 0.042,
                "Pmin": 261.45,
                "Pmax": 747,
                "AU": 5.93865,
                "AD": 0,
                "initially_on": false,
                "type": "coal, subcritical"
            },
            {
                "A": 95.856,
                "B": 7.374,
                "C": 0.047,
                "Pmin": 145.6,
                "Pmax": 773,
                "AU": 8.275738,
                "AD": 0,
                "initially_on": false,
                "type": "coal, supercritical"
            },
            {
                "A": 96.279,
                "B": 7.592,
                "C": 0.042,
                "Pmin": 380,
                "Pmax": 1900,
                "AU": 20.3414,
                "AD": 0,
                "initially_on": false,
                "type": "coal, supercritical"
            }
        ]
    },
    "time": 5.381181,
    "optimal": true,
    "o": 1428705.1299074532,
    "u": [
        [
            true,
            true,
            true,
            true,
            true,
            true,
            true,
            true,
            true,
            true,
            true,
            true,
            true,
            true,
            true,
            true,
            true,
            true,
            true,
            true,
            true,
            true,
            true,
            true,
            true,
            true,
            true,
            true,
            true,
            true,
            true,
            true,
            true,
            true,
            true,
            true,
            true,
            true,
            true,
            true,
            true,
            true
        ],
        [
            true,
            true,
            true,
            true,
            true,
            true,
            true,
            true,
            true,
            true,
            true,
            true,
            true,
            true,
            true,
            true,
            true,
            true,
            true,
            true,
            true,
            true,
            true,
            true,
            true,
            true,
            true,
            true,
            true,
            true,
            true,
            true,
            true,
            true,
            true,
            true,
            true,
            true,
            true,
            true,
            true,
            true
        ],
        [
            true,
            true,
            true,
            true,
            true,
            true,
            true,
            true,
            true,
            true,
            true,
            true,
            true,
            true,
            true,
            true,
            true,
            true,
            true,
            true,
            true,
            true,
            true,
            true,
            true,
            true,
            true,
            true,
            true,
            true,
            true,
            true,
            true,
            true,
            true,
            true,
            true,
            true,
            true,
            true,
            true,
            true
        ],
        [
            true,
            true,
            true,
            true,
            true,
            true,
            true,
            true,
            true,
            true,
            true,
            true,
            true,
            true,
            true,
            true,
            true,
            true,
            true,
            true,
            true,
            true,
            true,
            true,
            true,
            true,
            true,
            true,
            true,
            true,
            true,
            true,
            true,
            true,
            true,
            true,
            true,
            true,
            true,
            true,
            true,
            true
        ]
    ],