{
    "ucp": {
        "parameters": {
            "num_loads": 4,
            "num_plants": 4,
            "offset_loads": 0
        },
        "loads": [
            1986.5,
            1946.3938009280969,
            1879.5858689578056,
            1900.9790920918308
        ],
        "plants": [
            {
                "A": 95.856,
                "B": 7.374,
                "C": 0.047,
                "Pmin": 193.55,
                "Pmax": 553,
                "AU": 4.39635,
                "AD": 0,
                "initially_on": false,
                "type": "coal, subcritical"
            },
            {
                "A": 96.279,
                "B": 7.592,
                "C": 0.042,
                "Pmin": 261.45,
                "Pmax": 747,
                "AU": 5.93865,
                "AD": 0,
                "initially_on": false,
                "type": "coal, subcritical"
            },
            {
                "A": 95.856,
                "B": 7.374,
                "C": 0.047,
                "Pmin": 145.6,
                "Pmax": 773,
                "AU": 8.275738,
                "AD": 0,
                "initially_on": false,
                "type": "coal, supercritical"
            },
            {
                "A": 96.279,
                "B": 7.592,
                "C": 0.042,
                "Pmin": 380,
                "Pmax": 1900,
                "AU": 20.3414,
                "AD": 0,
                "initially_on": false,
                "type": "coal, supercritical"
            }
        ]
    },
    "time": 4.993245,
    "optimal": true,
    "o": 224799.54563963125,
    "u": [
        [
            true,
            true,
            true,
            true
        ],
        [
            true,
            true,
            true,
            true
        ],
        [
            true,
            true,
            true,
            true
        ],
        [
            true,
            true,
            true,
            true
        ]
    ],
    "p": [
        [
            495.9527288423625,
            487.52160202555007,
            466.4595752783659,
            474.91122527590187
        ],
        [
            494.0720836810722,
            483.6070858965178,
            472.1063494719143,
            474.76041882428893
        ],
        [
            499.03502530933633,
            486.442748978955,
            467.83536892915953,
            475.4688033608993
        ],
        [
            497.4401621672291,
            488.82236402707406,
            473.1845752783659,
            475.83864463074053
        ]
    ]
}