{
    "ucp": {
        "parameters": {
            "num_loads": 52,
            "num_plants": 4,
            "offset_loads": 0
        },
        "loads": [
            1570.4308371635632,
            1538.7248156262176,
            1485.9096952973623,
            1502.8221429771984,
            1363.2357846723203,
            1377.0405304147203,
            1370.265491408285,
            1265.8087266934235,
            1299.283811355128,
            1216.7020734021041,
            1228.3168076988368,
            1167.6116482971538,
            1078.796285481898,
            1122.8613012661176,
            1101.7750501714834,
            1026.0705294563825,
            1101.467594370172,
            1055.8954114393212,
            1100.1207449005644,
            1090.677519693301,
            1070.5430795028967,
            1187.2714255392004,
            1097.3893049730978,
            1057.4444783722704,
            1279.455837078127,
            1129.886608560202,
            1068.6706551548093,
            1106.76433271037,
            1119.7568825355083,
            1108.356371915287,
            1462.2434376407177,
            1195.7342737217264,
            1094.8959599889538,
            1182.4921849080056,
            1072.629845780377,
            1213.0250831716653,
            1220.6312595835811,
            1161.5707028194693,
            1201.2699347094804,
            1561.8940766771477,
            1747.655241374092,
            1747.235266187993,
            1673.851998119666,
            1489.571309702903,
            1651.6448263226641,
            1745.3331395609353,
            1790.3555289468902,
            1986.4999999999998,
            1944.6899956053076,
            1811.6409484078372,
            1777.7795307242052,
            1852.569522855292
        ],
        "plants": [
            {
                "A": 95.856,
                "B": 7.374,
                "C": 0.047,
                "Pmin": 193.55,
                "Pmax": 553,
                "AU": 4.39635,
                "AD": 0,
                "initially_on": false,
                "type": "coal, subcritical"
            },
            {
                "A": 96.279,
                "B": 7.592,
                "C": 0.042,
                "Pmin": 261.45,
                "Pmax": 747,
                "AU": 5.93865,
                "AD": 0,
                "initially_on": false,
                "type": "coal, subcritical"
            },
            {
                "A": 95.856,
                "B": 7.374,
                "C": 0.047,
                "Pmin": 145.6,
                "Pmax": 773,
                "AU": 8.275738,
                "AD": 0,
                "initially_on": false,
                "type": "coal, supercritical"
            },
            {
                "A": 96.279,
                "B": 7.592,
                "C": 0.042,
                "Pmin": 380,
                "Pmax": 1900,
                "AU": 20.3414,
                "AD": 0,
                "initially_on": false,
                "type": "coal, supercritical"
            }
        ]
    },
    "time": 5.536883,
    "optimal": true,
    "o": 1660718.5704764454,
    "u": [
        [
            true,
            true,
            true,
            true,
            true,
            true,
            true,
            true,
            true,
            true,
            true,
            true,
            true,
            true,
            true,
            true,
            true,
            true,
            true,
            true,
            true,
            true,
            true,
            true,
            true,
            true,
            true,
            true,
            true,
            true,
            true,
            true,
            true,
            true,
            true,
            true,
            true,
            true,
            true,
            true,
            true,
            true,
            true,
            true,
            true,
            true,
            true,
            true,
            true,
            true,
            true,
            true
        ],
        [
            true,
            true,
            true,
            true,
            true,
            true,
            true,
            true,
            true,
            true,
            true,
            true,
            true,
            true,
            true,
            true,
            true,
            true,
            true,
            true,
            true,
            true,
            true,
            true,
            true,
            true,
            true,
            true,
            true,
            true,
            true,
            true,
            true,
            true,
            true,
            true,
            true,
            true,
            true,
            true,
            true,
            true,
            true,
            true,
            true,
            true,
            true,
            true,
            true,
            true,
            true,
            true
        ],
        [
            true,
            true,
            true,
            true,
            true,
            true,
            true,
            true,
            true,
            true,
            true,
            true,
            true,
            true,
            true,
            true,
            true,
            true,
            true,
            true,
            true,
            true,
            true,
            true,
            true,
            true,
            true,
            true,
            true,
            true,
            true,
            true,
            true,
            true,
            true,
            true,
            true,
            true,
            true,
            true,
            true,
            true,
            true,
            true,
            true,
            true,
            true,
            true,
            true,
            true,
            true,
            true
        ],
        [
            true,
            true,
            true,
            true,
            true,
            true,
            true,
            true,
            true,
            true,
            true,
            true,
            true,
            true,
            true,
            true,
            true,
            true,
            true,
            true,
            true,
            true,
            true,
            true,
            true,
            true,
            true,
            true,
            true,
            true,
            true,
            true,
            true,
            true,
            true,
            true,
            true,
            true,
            true,
            true,
            true,
            true,
            true,
            true,
            true,
            true,
            true,
            true,
            true,
            true,
            true,
            true
        ]
    ],