{
    "ucp": {
        "parameters": {
            "num_loads": 10,
            "num_plants": 4,
            "offset_loads": 0
        },
        "loads": [
            1986.5,
            1946.3938009280969,
            1879.5858689578056,
            1900.9790920918308,
            1724.4107936282926,
            1741.8729618233644,
            1733.3029473612237,
            1601.1714594945852,
            1643.5154163927966,
            1539.0545139693706
        ],
        "plants": [
            {
                "A": 95.856,
                "B": 7.374,
                "C": 0.047,
                "Pmin": 193.55,
                "Pmax": 553,
                "AU": 4.39635,
                "AD": 0,
                "initially_on": false,
                "type": "coal, subcritical"
            },
            {
                "A": 96.279,
                "B": 7.592,
                "C": 0.042,
                "Pmin": 261.45,
                "Pmax": 747,
                "AU": 5.93865,
                "AD": 0,
                "initially_on": false,
                "type": "coal, subcritical"
            },
            {
                "A": 95.856,
                "B": 7.374,
                "C": 0.047,
                "Pmin": 145.6,
                "Pmax": 773,
                "AU": 8.275738,
                "AD": 0,
                "initially_on": false,
                "type": "coal, supercritical"
            },
            {
                "A": 96.279,
                "B": 7.592,
                "C": 0.042,
                "Pmin": 380,
                "Pmax": 1900,
                "AU": 20.3414,
                "AD": 0,
                "initially_on": false,
                "type": "coal, supercritical"
            }
        ]
    },
    "time": 4.986759,
    "optimal": true,
    "o": 487007.4958569871,
    "u": [
        [
            true,
            true,
            true,
            true,
            true,
            true,
            true,
            true,
            true,
            true
        ],
        [
            true,
            true,
            true,
            true,
            true,
            true,
            true,
            true,
            true,
            true
        ],
        [
            true,
            true,
            true,
            true,
            true,
            true,
            true,
            true,
            true,
            true
        ],
        [
            true,
            true,
            true,
            true,
            true,
            true,
            true,
            true,
            true,
            true
        ]
    ],
    "p": [
        [
            492.738166398555,
            484.30703958174263,
            462.2107497535323,
            470.6623997510683,
            417.0759126927874,
            424.5447989555851,
            418.0541098561789,
            379.8256509719566,
            394.66046572134303,
            358.90210775501544
        ],
        [
            502.4526825275873,
            491.9876847430329,
            471.62123362450006,
            474.27530297687474,
            422.1146223702068,
            423.78592798784314,
            423.0928195335983,
            382.52645742356947,
            393.5975624955366,
            363.33275291630576
        ],
        [
            497.45689399712126,
            484.86461766674006,
            465.22297453591835,
            472.8564089676581,
            415.03870071122066,
            421.68937140822203,
            420.9962629539772,
            376.9001517400057,
            390.09853535779973,
            358.43125522045324
        ],
        [
            493.85225707673635,
            485.2344589365813,
            480.53091104385487,
            483.18498039622955,
            470.18155785407777,
            471.8528634717141,
            471.15975501746925,
            461.9191993590533,
            465.1588528181172,
            458.3883980775961
        ]
    ]
}