{
    "ucp": {
        "parameters": {
            "num_loads": 25,
            "num_plants": 4,
            "offset_loads": 0
        },
        "loads": [
            1986.5,
            1946.3938009280969,
            1879.5858689578056,
            1900.9790920918308,
            1724.4107936282926,
            1741.8729618233644,
            1733.3029473612237,
            1601.1714594945852,
            1643.5154163927966,
            1539.0545139693706,
            1553.7464501785018,
            1476.9580961181289,
            1364.612035370132,
            1420.3516144613411,
            1393.6787825172444,
            1297.9171438371418,
            1393.2898695292592,
            1335.643815179203,
            1391.5861864328374,
            1379.6410778484249,
            1354.172229114864,
            1501.8265249385051,
            1388.1310801731356,
            1337.6032911328602,
            1618.4342284989036
        ],
        "plants": [
            {
                "A": 95.856,
                "B": 7.374,
                "C": 0.047,
                "Pmin": 193.55,
                "Pmax": 553,
                "AU": 4.39635,
                "AD": 0,
                "initially_on": false,
                "type": "coal, subcritical"
            },
            {
                "A": 96.279,
                "B": 7.592,
                "C": 0.042,
                "Pmin": 261.45,
                "Pmax": 747,
                "AU": 5.93865,
                "AD": 0,
                "initially_on": false,
                "type": "coal, subcritical"
            },
            {
                "A": 95.856,
                "B": 7.374,
                "C": 0.047,
                "Pmin": 145.6,
                "Pmax": 773,
                "AU": 8.275738,
                "AD": 0,
                "initially_on": false,
                "type": "coal, supercritical"
            },
            {
                "A": 96.279,
                "B": 7.592,
                "C": 0.042,
                "Pmin": 380,
                "Pmax": 1900,
                "AU": 20.3414,
                "AD": 0,
                "initially_on": false,
                "type": "coal, supercritical"
            }
        ]
    },
    "time": 5.116538,
    "optimal": true,
    "o": 681913.8491418861,
    "u": [
        [
            true,
            true,
            true,
            true,
            true,
            true,
            true,
            true,
            true,
            true,
            true,
            true,
            true,
            true,
            true,
            true,
            true,
            true,
            true,
            true,
            true,
            true,
            true,
            true,
            true
        ],
        [
            true,
            true,
            true,
            true,
            true,
            true,
            true,
            true,
            true,
            true,
            true,
            true,
            true,
            true,
            true,
            true,
            true,
            true,
            true,
            true,
            true,
            true,
            true,
            true,
            true
        ],
        [
            true,
            true,
            true,
            true,
            true,
            true,
            true,
            true,
            true,
            true,
            true,
            true,
            true,
            true,
            true,
            true,
            true,
            true,
            true,
            true,
            true,
            true,
            true,
            true,
            true
        ],
        [
            true,
            true,
            true,
            true,
            true,
            true,
            true,
            true,
            true,
            true,
            true,
            true,
            true,
            true,
            true,
            true,
            true,
            true,
            true,
            true,
            true,
            true,
            true,
            true,
            true
        ]
    ],
    "p": [
        [
            384.8701612903226,
            379.07258064516134,
            367.47741935483873,
            367.47741935483873,
            326.89435483870966,
            332.691935483871,
            326.89435483870966,
            297.90645161290325,
            309.5016129032258,
            280.51370967741934,
            286.31129032258065,
            263.1209677419355,
            234.13306451612905,
            251.5258064516129,
            239.93064516129033,
            210.9427419354839,
            239.93064516129033,
            222.53790322580647,
            239.93064516129033,
            234.13306451612905,
            228.33548387096775,
            268.9185483870968,
            239.93064516129033,
            222.53790322580647,
            303.70403225806456
        ],
        [
            394.5846774193549,
            386.7532258064516,
            363.2588709677419,
            371.0903225806452,
            331.93306451612904,
            331.93306451612904,
            331.93306451612904,
            300.60725806451615,
            308.43870967741935,
            284.94435483870967,
            284.94435483870967,
            269.2814516129032,
            261.45,
            261.45,
            261.45,
            261.45,
            261.45,
            261.45,
            261.45,
            261.45,
            261.45,
            277.11290322580646,
            261.45,
            261.45,
            300.60725806451615
        ],
        [
            384.6095238095238,
            379.63015873015877,
            364.6920634920635,
            369.6714285714286,
            324.8571428571429,
            329.8365079365079,
            329.8365079365079,
            294.9809523809524,
            304.9396825396825,
            280.04285714285714,
            285.02222222222224,
            265.1047619047619,
            230.24920634920636,
            250.16666666666666,
            240.2079365079365,
            210.33174603174604,
            240.2079365079365,
            220.29047619047617,
            240.2079365079365,
            235.22857142857143,
            230.24920634920636,
            270.084126984127,
            240.2079365079365,
            220.29047619047617,
            299.96031746031747
        ],
        [
            391.9685039370079,
            380.0,
            380.0,
            380.0,
            380.0,
            380.0,
            380.0,
            380.0,
            380.0,
            380.0,
            380.0,
            380.0,
            380.0,
            380.0,
            380.0,
            380.0,
            380.0,
            380.0,
            380.0,
            380.0,
            380.0,
            380.0,
            380.0,
            380.0,
            380.0
        ]
    ]
}