{
    "ucp": {
        "parameters": {
            "num_loads": 6,
            "num_plants": 4,
            "offset_loads": 0
        },
        "loads": [
            2083.5,
            2041.4354312779712,
            1971.3652947261958,
            1993.8031403842585,
            1808.6130825696187,
            1826.9279214492726
        ],
        "plants": [
            {
                "A": 96.279,
                "B": 7.592,
                "C": 0.042,
                "Pmin": 261.45,
                "Pmax": 747,
                "AU": 5938.65,
                "AD": 0,
                "initially_on": false,
                "type": "coal, subcritical"
            },
            {
                "A": 95.856,
                "B": 7.374,
                "C": 0.047,
                "Pmin": 145.6,
                "Pmax": 773,
                "AU": 8275.738,
                "AD": 0,
                "initially_on": false,
                "type": "coal, supercritical"
            },
            {
                "A": 96.279,
                "B": 7.592,
                "C": 0.042,
                "Pmin": 380,
                "Pmax": 1900,
                "AU": 2341.4,
                "AD": 0,
                "initially_on": false,
                "type": "coal, supercritical"
            },
            {
                "A": 96.279,
                "B": 7.592,
                "C": 0.042,
                "Pmin": 261.45,
                "Pmax": 747,
                "AU": 5938.65,
                "AD": 0,
                "initially_on": false,
                "type": "coal, subcritical"
            }
        ]
    },
    "time": 13.187412023544312,
    "optimal": true,
    "o": 338610.1191730289,
    "u": [
        [
            true,
            true,
            true,
            true,
            true,
            true
        ],
        [
            true,
            true,
            true,
            true,
            true,
            true
        ],
        [
            true,
            true,
            true,
            true,
            true,
            true
        ],
        [
            true,
            true,
            true,
            true,
            true,
            true
        ]
    ],
    "p": [
        [
            534.5109236106832,
            523.7074552491257,
            505.7113001398336,
            511.4740254697962,
            463.91155208045865,
            468.61536311180157
        ],
        [
            479.967208332951,
            470.3130451162402,
            454.2313745930428,
            459.3810440368391,
            416.8784082421119,
            421.0818138445887
        ],
        [
            534.5109236106847,
            523.7074552491274,
            505.7113001398353,
            511.4740254697979,
            463.911552080461,
            468.61536311180384
        ],
        [
            534.5109236106832,
            523.7074552491257,
            505.7113001398336,
            511.4740254697962,
            463.91155208045865,
            468.61536311180157
        ]
    ]
}