{
    "ucp": {
        "parameters": {
            "num_loads": 6,
            "num_plants": 2,
            "offset_loads": 0
        },
        "loads": [
            1226.5,
            1201.7377280837204,
            1160.489337164233,
            1173.6978889759027,
            1064.68151944883,
            1075.4629688781054
        ],
        "plants": [
            {
                "A": 95.856,
                "B": 7.374,
                "C": 0.047,
                "Pmin": 193.55,
                "Pmax": 553,
                "AU": 4.39635,
                "AD": 0,
                "initially_on": false,
                "type": "coal, subcritical"
            },
            {
                "A": 96.279,
                "B": 7.592,
                "C": 0.042,
                "Pmin": 380,
                "Pmax": 1900,
                "AU": 20.3414,
                "AD": 0,
                "initially_on": false,
                "type": "coal, supercritical"
            }
        ]
    },
    "time": 0.18155717849731445,
    "optimal": true,
    "o": 229573.5967428619,
    "u": [
        [
            true,
            true,
            true,
            true,
            true,
            true
        ],
        [
            true,
            true,
            true,
            true,
            true,
            true
        ]
    ],
    "p": [
        [
            552.9999945423098,
            552.9999944933727,
            548.8713649063068,
            552.9999924834992,
            503.65868949596904,
            508.74656438181
        ],
        [
            673.5,
            648.7377280837204,
            611.6179608917639,
            620.6978889759027,
            561.0228195686041,
            566.716393893324
        ]
    ]
}