{
    "ucp": {
        "loads": [
            400.0,
            391.9242488654612,
            378.4718588387225,
            382.77958058733066,
            347.22593377866446,
            350.7421015501363,
            349.01645051320884,
            322.4105632005205,
            330.93690740353316,
            309.9027463316125,
            312.86110247742295,
            297.39906289818856,
            274.777152855803,
            286.0008284845389
        ],
        "plants": [
            {
                "A": 96.279,
                "B": 7.592,
                "C": 0.042,
                "Pmin": 10,
                "Pmax": 100,
                "AU": 20,
                "AD": 0,
                "initially_on": false,
                "type": "coal"
            },
            {
                "A": 96.279,
                "B": 7.592,
                "C": 0.042,
                "Pmin": 10,
                "Pmax": 100,
                "AU": 20,
                "AD": 0,
                "initially_on": false,
                "type": "coal"
            },
            {
                "A": 95.856,
                "B": 7.374,
                "C": 0.047,
                "Pmin": 10,
                "Pmax": 100,
                "AU": 30,
                "AD": 10,
                "initially_on": false,
                "type": "coal"
            },
            {
                "A": 96.279,
                "B": 7.592,
                "C": 0.042,
                "Pmin": 10,
                "Pmax": 100,
                "AU": 20,
                "AD": 0,
                "initially_on": false,
                "type": "coal"
            }
        ]
    },
    "time": 11.260289192199707,
    "optimal": true,
    "o": 58677.77619513822,
    "u": [
        [
            true,
            true,
            true,
            true,
            true,
            true,
            true,
            true,
            true,
            true,
            true,
            true,
            true,
            true
        ],
        [
            true,
            true,
            true,
            true,
            true,
            true,
            true,
            true,
            true,
            true,
            true,
            true,
            true,
            true
        ],
        [
            true,
            true,
            true,
            true,
            true,
            true,
            true,
            true,
            true,
            true,
            true,
            true,
            true,
            true
        ],
        [
            true,
            true,
            true,
            true,
            true,
            true,
            true,
            true,
            true,
            true,
            true,
            true,
            true,
            true
        ]
    ],
    "p": [
        [
            100.0,
            100.0,
            96.60752658369546,
            97.71388134753849,
            88.58261687158637,
            89.48567635379773,
            89.04247636074797,
            82.209270329949,
            84.39909643666782,
            78.9968802052124,
            79.75667659237494,
            75.78555115066118,
            69.97555221945,
            72.85813554610765
        ],
        [
            100.0,
            100.0,
            96.60752658369546,
            97.71388134753849,
            88.58261687158637,
            89.48567635379773,
            89.04247636074797,
            82.209270329949,
            84.39909643666782,
            78.9968802052124,
            79.75667659237494,
            75.78555115066118,
            69.97555221945,
            72.85813554610765
        ],
        [
            99.99999999999999,
            91.92424886546121,
            88.6492790876361,
            89.63793654471522,
            81.47808316390532,
            82.2850724887431,
            81.88902143096492,
            75.7827522106735,
            77.7396180935297,
            72.91210571597527,
            73.59107270029813,
            70.04240741175516,
            64.85049347306008,
            67.42641899907873
        ],
        [
            100.0,
            100.0,
            96.60752658369546,
            97.71388134753849,
            88.58261687158637,
            89.48567635379773,
            89.04247636074797,
            82.209270329949,
            84.39909643666782,
            78.9968802052124,
            79.75667659237494,
            75.78555115066118,
            69.97555221945,
            72.85813554610765
        ]
    ]
}