{
    "ucp": {
        "parameters": {
            "num_loads": 28,
            "num_plants": 2,
            "offset_loads": 0
        },
        "loads": [
            1226.5,
            1201.7377280837204,
            1160.489337164233,
            1173.6978889759027,
            1064.68151944883,
            1075.4629688781054,
            1070.1716913861267,
            988.5913894135961,
            1014.7352923260836,
            950.2392959393069,
            959.3103554713981,
            911.8998766115707,
            842.5354449441061,
            876.9500403407174,
            860.4817652944375,
            801.3568471765691,
            860.2416435830036,
            824.6499568675019,
            859.1897597079663,
            851.814639809259,
            836.0897251494491,
            927.2540814684503,
            857.0565164018882,
            825.8597717465155,
            999.2497262793382,
            882.4367763320693,
            834.6273694642556,
            864.3783743580985
        ],
        "plants": [
            {
                "A": 95.856,
                "B": 7.374,
                "C": 0.047,
                "Pmin": 193.55,
                "Pmax": 553,
                "AU": 4.39635,
                "AD": 0,
                "initially_on": false,
                "type": "coal, subcritical"
            },
            {
                "A": 96.279,
                "B": 7.592,
                "C": 0.042,
                "Pmin": 380,
                "Pmax": 1900,
                "AU": 20.3414,
                "AD": 0,
                "initially_on": false,
                "type": "coal, supercritical"
            }
        ]
    },
    "time": 31.543772220611572,
    "optimal": true,
    "o": 774991.4345380552,
    "u": [
        [
            true,
            true,
            true,
            true,
            true,
            true,
            true,
            true,
            true,
            true,
            true,
            true,
            true,
            true,
            true,
            true,
            true,
            true,
            true,
            true,
            true,
            true,
            true,
            true,
            true,
            true,
            true,
            true
        ],
        [
            true,
            true,
            true,
            true,
            true,
            true,
            true,
            true,
            true,
            true,
            true,
            true,
            true,
            true,
            true,
            true,
            true,
            true,
            true,
            true,
            true,
            true,
            true,
            true,
            true,
            true,
            true,
            true
        ]
    ],
    "p": [
        [
            553.0,
            553.0,
            548.8713699499226,
            553.0,
            503.6586921912065,
            508.7465671782028,
            506.24955983447995,
            467.7509905482094,
            480.0885626504437,
            449.65224989336906,
            453.9329745960659,
            431.5594902961009,
            398.82571370821614,
            415.06630921227173,
            407.2947637213366,
            379.3931170997159,
            407.1814478580247,
            390.3853710598846,
            406.685053222743,
            403.2046595790397,
            395.78391336993195,
            438.805294801091,
            405.67835413923507,
            390.9562949327412,
            472.78076747209894,
            417.655555398281,
            395.09381293756263,
            409.1336129336978
        ],
        [
            673.5,
            648.7377280837204,
            611.617961727723,
            620.6978889759027,
            561.0228222232275,
            566.7163966145625,
            563.9221264912422,
            520.8403941901074,
            534.6467248768616,
            500.5870415516468,
            505.3773763381739,
            480.34038200206436,
            443.70972725000036,
            461.8837269799782,
            453.18699750231195,
            421.96372628556156,
            453.06019165527744,
            434.2645819061394,
            452.5047024205799,
            448.609976200419,
            440.30580782404496,
            488.44878228143165,
            451.37815820813023,
            434.9034729066598,
            526.4689540814644,
            464.7812167594887,
            439.53355257835295,
            455.2447573351143
        ]
    ]
}