{
    "ucp": {
        "parameters": {
            "num_loads": 52,
            "num_plants": 2,
            "offset_loads": 0
        },
        "loads": [
            969.6115891170956,
            950.0357343899099,
            917.4267512117871,
            927.8687935371427,
            841.6857235844958,
            850.2090161357436,
            846.0259880253016,
            781.5325463324863,
            802.2006517125923,
            751.2132358558675,
            758.3843768651515,
            720.9039449466193,
            666.0677795839657,
            693.2742944892491,
            680.2552726077646,
            633.5139714967295,
            680.0654439944707,
            651.9283776140586,
            679.2338754696916,
            673.4034623225945,
            660.9721052153551,
            733.0422368103849,
            677.5474364709311,
            652.8847987533802,
            789.9585120444615,
            697.611842637346,
            659.816037526994,
            683.3357433019223,
            691.3575718247173,
            684.318696276919,
            902.8147879518451,
            738.2673479585691,
            676.0080014731699,
            730.0914496801757,
            662.2605113766084,
            748.9429974880683,
            753.6391844345645,
            717.1741590778148,
            741.6851623061553,
            964.340843213955,
            1079.0330498592116,
            1078.773749800943,
            1033.4656308551575,
            919.6874962751626,
            1019.7545328390373,
            1077.5993434037189,
            1105.3969575904157,
            1226.5,
            1200.6857687439767,
            1118.5389495203688,
            1097.632315345199,
            1143.8089704414879
        ],
        "plants": [
            {
                "A": 95.856,
                "B": 7.374,
                "C": 0.047,
                "Pmin": 193.55,
                "Pmax": 553,
                "AU": 4.39635,
                "AD": 0,
                "initially_on": false,
                "type": "coal, subcritical"
            },
            {
                "A": 96.279,
                "B": 7.592,
                "C": 0.042,
                "Pmin": 380,
                "Pmax": 1900,
                "AU": 20.3414,
                "AD": 0,
                "initially_on": false,
                "type": "coal, supercritical"
            }
        ]
    },
    "time": 81.8460738658905,
    "optimal": true,
    "o": 1161757.9289493682,
    "u": [
        [
            true,
            true,
            true,
            true,
            true,
            true,
            true,
            true,
            true,
            true,
            true,
            true,
            true,
            true,
            true,
            true,
            true,
            true,
            true,
            true,
            true,
            true,
            true,
            true,
            true,
            true,
            true,
            true,
            true,
            true,
            true,
            true,
            true,
            true,
            true,
            true,
            true,
            true,
            true,
            true,
            true,
            true,
            true,
            true,
            true,
            true,
            true,
            true,
            true,
            true,
            true,
            true
        ],
        [
            true,
            true,
            true,
            true,
            true,
            true,
            true,
            true,
            true,
            true,
            true,
            true,
            true,
            true,
            true,
            true,
            true,
            true,
            true,
            true,
            true,
            true,
            true,
            true,
            true,
            true,
            true,
            true,
            true,
            true,
            true,
            true,
            true,
            true,
            true,
            true,
            true,
            true,
            true,
            true,
            true,
            true,
            true,
            true,
            true,
            true,
            true,
            true,
            true,
            true,
            true,
            true
        ]
    ],
    "p": [
        [
            458.7942309005837,
            449.5561871406231,
            434.16767829779997,
            439.09538364154764,
            398.4247216083723,
            402.4469495349761,
            400.47293627864553,
            370.0378291052775,
            379.79131699208574,
            355.72983995619217,
            359.1139739007728,
            340.90394516379365,
            286.0677805217998,
            313.27429515190676,
            300.25527340247885,
            253.51397276136376,
            300.0654447910453,
            271.92837869390553,
            299.2338762747387,
            293.40346318647227,
            280.9721062044024,
            347.15476178576665,
            297.5474372930587,
            272.8847998237702,
            374.01412751263575,
            317.6118432556029,
            279.81603852764414,
            303.3357440655503,
            311.35757250695804,
            304.31869703083447,
            427.2721451064516,
            349.62054456816617,
            296.0080023109527,
            345.7622555005833,
            282.26051235278464,
            354.6584915174821,
            356.8746696175578,
            337.17415947086994,
            351.233445715192,
            456.3069126211112,
            510.43132448864174,
            510.30895816960754,
            488.92759876907235,
            435.2345467496647,
            482.45719299444283,
            509.75474391739584,
            522.8727190882884,
            553.0,
            553.0,
            529.07455794613,
            519.2085059117347,
            540.9997362962263
        ],
        [
            510.8173536296628,
            500.47954275517856,
            483.25906857376185,
            488.77340550604475,
            443.2609979933874,
            447.7620625777705,
            445.5530477433752,
            411.4947135283686,
            422.4093309240488,
            395.48339234391455,
            399.27039937471636,
            380.0,
            380.0,
            380.0,
            380.0,
            380.0,
            380.0,
            380.0,
            380.0,
            380.0,
            380.0,
            385.8874715544695,
            380.0,
            380.0,
            415.9443807930333,
            380.0,
            380.0,
            380.0,
            380.0,
            380.0,
            475.5426385739547,
            388.64679989571556,
            380.0,
            384.32919072337364,
            380.0,
            394.28450242544363,
            396.76451124973767,
            380.0000000000001,
            390.45171308019917,
            508.0339260311342,
            568.6017202675772,
            568.4647865295909,
            544.5380271981683,
            484.45294517465544,
            537.2973350213906,
            567.8445943901241,
            582.5242332747596,
            673.5,
            647.6857687439767,
            589.464386284846,
            578.4238042428086,
            602.8092287363271
        ]
    ]
}