{
    "ucp": {
        "parameters": {
            "num_loads": 4,
            "num_plants": 4,
            "offset_loads": 0
        },
        "loads": [
            2083.5,
            2041.4354312779712,
            1971.3652947261958,
            1993.8031403842585
        ],
        "plants": [
            {
                "A": 96.279,
                "B": 7.592,
                "C": 0.042,
                "Pmin": 261.45,
                "Pmax": 747,
                "AU": 5938.65,
                "AD": 0,
                "initially_on": false,
                "type": "coal, subcritical"
            },
            {
                "A": 95.856,
                "B": 7.374,
                "C": 0.047,
                "Pmin": 145.6,
                "Pmax": 773,
                "AU": 8275.738,
                "AD": 0,
                "initially_on": false,
                "type": "coal, supercritical"
            },
            {
                "A": 96.279,
                "B": 7.592,
                "C": 0.042,
                "Pmin": 380,
                "Pmax": 1900,
                "AU": 2341.4,
                "AD": 0,
                "initially_on": false,
                "type": "coal, supercritical"
            },
            {
                "A": 96.279,
                "B": 7.592,
                "C": 0.042,
                "Pmin": 261.45,
                "Pmax": 747,
                "AU": 5938.65,
                "AD": 0,
                "initially_on": false,
                "type": "coal, subcritical"
            }
        ]
    },
    "time": 1.3595311641693115,
    "optimal": true,
    "o": 239134.19879415227,
    "u": [
        [
            true,
            true,
            true,
            true
        ],
        [
            true,
            true,
            true,
            true
        ],
        [
            true,
            true,
            true,
            true
        ],
        [
            true,
            true,
            true,
            true
        ]
    ],
    "p": [
        [
            534.5109236106832,
            523.7074552491257,
            505.71130013983355,
            511.4740254697961
        ],
        [
            479.96720833295103,
            470.3130451162401,
            454.23137459304274,
            459.3810440368391
        ],
        [
            534.5109236106847,
            523.7074552491275,
            505.71130013983515,
            511.4740254697979
        ],
        [
            534.5109236106832,
            523.7074552491257,
            505.71130013983355,
            511.4740254697961
        ]
    ]
}