{
    "ucp": {
        "parameters": {
            "num_loads": 4,
            "num_plants": 4,
            "offset_loads": 0
        },
        "loads": [
            1494.0,
            1463.8370695124977,
            1413.5923927626286,
            1429.68173349368
        ],
        "plants": [
            {
                "A": 95.856,
                "B": 7.374,
                "C": 0.047,
                "Pmin": 665,
                "Pmax": 1900,
                "AU": 20.14,
                "AD": 0,
                "initially_on": false,
                "type": "coal, large subcritical"
            },
            {
                "A": 95.856,
                "B": 7.374,
                "C": 0.047,
                "Pmin": 665,
                "Pmax": 1900,
                "AU": 20.14,
                "AD": 0,
                "initially_on": false,
                "type": "coal, large subcritical"
            },
            {
                "A": 102.0,
                "B": 7.9,
                "C": 0.048,
                "Pmin": 166,
                "Pmax": 415,
                "AU": 0.087,
                "AD": 0,
                "initially_on": false,
                "type": "gas, CC"
            },
            {
                "A": 102.0,
                "B": 7.9,
                "C": 0.048,
                "Pmin": 166,
                "Pmax": 415,
                "AU": 0.087,
                "AD": 0,
                "initially_on": false,
                "type": "gas, CC"
            }
        ]
    },
    "time": 2.9265122413635254,
    "optimal": true,
    "o": 188079.90575379488,
    "u": [
        [
            false,
            false,
            false,
            false
        ],
        [
            true,
            true,
            true,
            true
        ],
        [
            true,
            true,
            true,
            true
        ],
        [
            true,
            true,
            true,
            true
        ]
    ],
    "p": [
        [
            0,
            0,
            0,
            0
        ],
        [
            665.0,
            665.0,
            665.0,
            665.0
        ],
        [
            414.502270192478,
            399.416640377995,
            374.291723916097,
            382.33876838571024
        ],
        [
            414.497729807522,
            399.420429134503,
            374.30066884653155,
            382.3429651079699
        ]
    ]
}