{
    "ucp": {
        "parameters": {
            "num_loads": 24,
            "num_plants": 2,
            "offset_loads": 0
        },
        "loads": [
            1226.5,
            1201.7377280837204,
            1160.489337164233,
            1173.6978889759027,
            1064.68151944883,
            1075.4629688781054,
            1070.1716913861267,
            988.5913894135961,
            1014.7352923260836,
            950.2392959393069,
            959.3103554713981,
            911.8998766115707,
            842.5354449441061,
            876.9500403407174,
            860.4817652944375,
            801.3568471765691,
            860.2416435830036,
            824.6499568675019,
            859.1897597079663,
            851.814639809259,
            836.0897251494491,
            927.2540814684503,
            857.0565164018882,
            825.8597717465155
        ],
        "plants": [
            {
                "A": 95.856,
                "B": 7.374,
                "C": 0.047,
                "Pmin": 193.55,
                "Pmax": 553,
                "AU": 4.39635,
                "AD": 0,
                "initially_on": false,
                "type": "coal, subcritical"
            },
            {
                "A": 96.279,
                "B": 7.592,
                "C": 0.042,
                "Pmin": 380,
                "Pmax": 1900,
                "AU": 20.3414,
                "AD": 0,
                "initially_on": false,
                "type": "coal, supercritical"
            }
        ]
    },
    "time": 20.087599277496338,
    "optimal": true,
    "o": 675967.290793952,
    "u": [
        [
            true,
            true,
            true,
            true,
            true,
            true,
            true,
            true,
            true,
            true,
            true,
            true,
            true,
            true,
            true,
            true,
            true,
            true,
            true,
            true,
            true,
            true,
            true,
            true
        ],
        [
            true,
            true,
            true,
            true,
            true,
            true,
            true,
            true,
            true,
            true,
            true,
            true,
            true,
            true,
            true,
            true,
            true,
            true,
            true,
            true,
            true,
            true,
            true,
            true
        ]
    ],
    "p": [
        [
            553.0,
            553.0,
            548.8713699555752,
            553.0,
            503.65869219154797,
            508.7465671786084,
            506.249559834862,
            467.7509905483567,
            480.0885626506472,
            449.6522498934751,
            453.9329745961862,
            431.5594902962027,
            398.82571370835024,
            415.0663092123938,
            407.2947637214833,
            379.3931170999039,
            407.18144785818373,
            390.38537106005384,
            406.685053222885,
            403.20465957918225,
            395.7839133700801,
            438.8052948011949,
            405.6783541395086,
            390.9562949328101
        ],
        [
            673.5,
            648.7377280837204,
            611.6179617217903,
            620.6978889759027,
            561.0228222226405,
            566.7163966139294,
            563.9221264906436,
            520.8403941897271,
            534.6467248764479,
            500.58704155131477,
            505.3773763378392,
            480.3403820017547,
            443.7097272496174,
            461.8837269796603,
            453.1869975019918,
            421.9637262850069,
            453.06019165497054,
            434.26458190572237,
            452.5047024202516,
            448.6099762000734,
            440.30580782365485,
            488.448782281127,
            451.3781582079442,
            434.9034729061367
        ]
    ]
}