{
    "ucp": {
        "parameters": {
            "num_loads": 8,
            "num_plants": 4,
            "offset_loads": 0
        },
        "loads": [
            2083.5,
            2041.4354312779712,
            1971.3652947261958,
            1993.8031403842585,
            1808.6130825696187,
            1826.9279214492726,
            1817.9394366106767,
            1679.3560210707114
        ],
        "plants": [
            {
                "A": 96.279,
                "B": 7.592,
                "C": 0.042,
                "Pmin": 261.45,
                "Pmax": 747,
                "AU": 5938.65,
                "AD": 0,
                "initially_on": false,
                "type": "coal, subcritical"
            },
            {
                "A": 95.856,
                "B": 7.374,
                "C": 0.047,
                "Pmin": 145.6,
                "Pmax": 773,
                "AU": 8275.738,
                "AD": 0,
                "initially_on": false,
                "type": "coal, supercritical"
            },
            {
                "A": 96.279,
                "B": 7.592,
                "C": 0.042,
                "Pmin": 380,
                "Pmax": 1900,
                "AU": 2341.4,
                "AD": 0,
                "initially_on": false,
                "type": "coal, supercritical"
            },
            {
                "A": 96.279,
                "B": 7.592,
                "C": 0.042,
                "Pmin": 261.45,
                "Pmax": 747,
                "AU": 5938.65,
                "AD": 0,
                "initially_on": false,
                "type": "coal, subcritical"
            }
        ]
    },
    "time": 59.57942461967468,
    "optimal": true,
    "o": 431826.78877202794,
    "u": [
        [
            true,
            true,
            true,
            true,
            true,
            true,
            true,
            true
        ],
        [
            true,
            true,
            true,
            true,
            true,
            true,
            true,
            true
        ],
        [
            true,
            true,
            true,
            true,
            true,
            true,
            true,
            true
        ],
        [
            true,
            true,
            true,
            true,
            true,
            true,
            true,
            true
        ]
    ],
    "p": [
        [
            534.5109236106832,
            523.7074552491257,
            505.7113001398335,
            511.4740254697962,
            463.91155208045865,
            468.61536311180157,
            466.3068451708758,
            430.71438361216417
        ],
        [
            479.9672083329511,
            470.3130451162402,
            454.23137459304263,
            459.38104403683917,
            416.87840824211196,
            421.0818138445886,
            419.0188829186549,
            387.2128534406572
        ],
        [
            534.5109236106847,
            523.7074552491274,
            505.71130013983526,
            511.4740254697979,
            463.91155208046104,
            468.61536311180396,
            466.3068451708782,
            430.7143836121682
        ],
        [
            534.5109236106832,
            523.7074552491257,
            505.7113001398335,
            511.4740254697962,
            463.91155208045865,
            468.61536311180157,
            466.3068451708758,
            430.71438361216417
        ]
    ]
}