{
    "ucp": {
        "loads": [
            200.0,
            195.9621244327306,
            189.23592941936124,
            191.38979029366533,
            173.61296688933223,
            175.37105077506814,
            174.50822525660442,
            161.20528160026026,
            165.46845370176658,
            154.95137316580625
        ],
        "plants": [
            {
                "A": 96.279,
                "B": 7.592,
                "C": 0.042,
                "Pmin": 10,
                "Pmax": 100,
                "AU": 20,
                "AD": 0,
                "initially_on": false,
                "type": "coal"
            },
            {
                "A": 96.279,
                "B": 7.592,
                "C": 0.042,
                "Pmin": 10,
                "Pmax": 100,
                "AU": 20,
                "AD": 0,
                "initially_on": false,
                "type": "coal"
            }
        ]
    },
    "time": 0.0532679557800293,
    "optimal": true,
    "o": 22203.211748840356,
    "u": [
        [
            true,
            true,
            true,
            true,
            true,
            true,
            true,
            true,
            true,
            true
        ],
        [
            true,
            true,
            true,
            true,
            true,
            true,
            true,
            true,
            true,
            true
        ]
    ],
    "p": [
        [
            99.99999999999999,
            97.98106124025544,
            94.61796376743487,
            95.69489419373879,
            86.80648258124245,
            87.68552451522463,
            87.25411176035193,
            80.6026399994176,
            82.734226028687,
            77.4756858116198
        ],
        [
            99.99999999999999,
            97.98106124025544,
            94.61796376743487,
            95.69489419373879,
            86.80648258124245,
            87.68552451522463,
            87.25411176035193,
            80.6026399994176,
            82.734226028687,
            77.4756858116198
        ]
    ]
}