{
    "ucp": {
        "loads": [
            200.0,
            195.9621244327306,
            189.23592941936124,
            191.38979029366533,
            173.61296688933223,
            175.37105077506814
        ],
        "plants": [
            {
                "A": 96.279,
                "B": 7.592,
                "C": 0.042,
                "Pmin": 10,
                "Pmax": 100,
                "AU": 20,
                "AD": 0,
                "initially_on": false,
                "type": "coal"
            },
            {
                "A": 96.279,
                "B": 7.592,
                "C": 0.042,
                "Pmin": 10,
                "Pmax": 100,
                "AU": 20,
                "AD": 0,
                "initially_on": false,
                "type": "coal"
            }
        ]
    },
    "time": 0.45874762535095215,
    "optimal": true,
    "o": 14187.185558821748,
    "u": [
        [
            true,
            true,
            true,
            true,
            true,
            true
        ],
        [
            true,
            true,
            true,
            true,
            true,
            true
        ]
    ],
    "p": [
        [
            99.99999999999999,
            97.98106124099085,
            94.61796376822487,
            95.69489419451067,
            86.80648258205704,
            87.68552451387505
        ],
        [
            99.99999999999999,
            97.98106124099085,
            94.61796376822487,
            95.69489419451067,
            86.80648258205704,
            87.68552451387505
        ]
    ]
}