{
    "ucp": {
        "parameters": {
            "num_loads": 16,
            "num_plants": 4,
            "offset_loads": 0
        },
        "loads": [
            400.0,
            391.9242488654612,
            378.4718588387225,
            382.77958058733066,
            347.22593377866446,
            350.7421015501363,
            349.01645051320884,
            322.4105632005205,
            330.93690740353316,
            309.9027463316125,
            312.86110247742295,
            297.39906289818856,
            274.777152855803,
            286.0008284845389,
            280.63000906463515,
            261.3475245581962
        ],
        "plants": [
            {
                "A": 96.279,
                "B": 7.592,
                "C": 0.042,
                "Pmin": 10,
                "Pmax": 100,
                "AU": 20,
                "AD": 0,
                "initially_on": false,
                "type": "coal"
            },
            {
                "A": 101.1,
                "B": 7.881,
                "C": 0.049,
                "Pmin": 10,
                "Pmax": 100,
                "AU": 20,
                "AD": 15,
                "initially_on": false,
                "type": "gas"
            },
            {
                "A": 102.0,
                "B": 7.9,
                "C": 0.048,
                "Pmin": 10,
                "Pmax": 100,
                "AU": 40,
                "AD": 5,
                "initially_on": false,
                "type": "gas"
            },
            {
                "A": 95.856,
                "B": 7.374,
                "C": 0.047,
                "Pmin": 10,
                "Pmax": 100,
                "AU": 30,
                "AD": 10,
                "initially_on": false,
                "type": "coal"
            }
        ]
    },
    "time": 54.27722764015198,
    "optimal": false,
    "o": 67456.39862398269,
    "u": [
        [
            true,
            true,
            true,
            true,
            true,
            true,
            true,
            true,
            true,
            true,
            true,
            true,
            true,
            true,
            true,
            true
        ],
        [
            true,
            true,
            true,
            true,
            true,
            true,
            true,
            true,
            true,
            true,
            true,
            true,
            true,
            true,
            true,
            true
        ],
        [
            true,
            true,
            true,
            true,
            true,
            true,
            true,
            true,
            true,
            true,
            true,
            true,
            true,
            true,
            true,
            true
        ],
        [
            true,
            true,
            true,
            true,
            true,
            true,
            true,
            true,
            true,
            true,
            true,
            true,
            true,
            true,
            true,
            true
        ]
    ],
    "p": [
        [
            100.0,
            100.0,
            100.0,
            100.0,
            96.82497166831367,
            97.79474566049353,
            97.31880378528757,
            89.98078694419414,
            92.3323889426834,
            86.53107784390758,
            87.34700505399704,
            83.08250799103628,
            76.84328904054024,
            79.93882648813573,
            78.45753166187366,
            73.13934043255568
        ],
        [
            100.0,
            95.0707614170745,
            89.20720761966993,
            90.61340434181992,
            80.04385335830287,
            80.87508825501692,
            80.46713804933398,
            74.17740923936826,
            76.19306810463796,
            71.22051571737363,
            71.91988189880644,
            68.26459869668304,
            62.916696735428125,
            65.57001454911924,
            64.30033326869551,
            59.74188364168886
        ],
        [
            100.0,
            96.85348555382517,
            90.86777443708138,
            92.30326692027093,
            81.51351696828624,
            82.36206925849233,
            81.94562009028796,
            75.52485526431431,
            77.58250702242081,
            72.50635979414331,
            73.22029610431575,
            69.48886116897333,
            64.02954458366136,
            66.7381398517469,
            65.44200687801055,
            60.78858955051957
        ],
        [
            99.99999999999999,
            100.0,
            98.39687583435882,
            99.86290836824077,
            88.84359178376172,
            89.71019837613352,
            89.28488858829932,
            82.72751175264382,
            84.828943333791,
            79.64479297618799,
            80.37391942030371,
            76.56309225356567,
            70.98761999724626,
            73.75384495146567,
            72.43013468063472,
            67.67770847438648
        ]
    ]
}