{
    "ucp": {
        "loads": [
            200.0,
            195.9621244327306,
            189.23592941936124,
            191.38979029366533,
            173.61296688933223,
            175.37105077506814,
            174.50822525660442,
            161.20528160026026
        ],
        "plants": [
            {
                "A": 96.279,
                "B": 7.592,
                "C": 0.042,
                "Pmin": 10,
                "Pmax": 100,
                "AU": 20,
                "AD": 0,
                "initially_on": false,
                "type": "coal"
            },
            {
                "A": 96.279,
                "B": 7.592,
                "C": 0.042,
                "Pmin": 10,
                "Pmax": 100,
                "AU": 20,
                "AD": 0,
                "initially_on": false,
                "type": "coal"
            }
        ]
    },
    "time": 0.048035383224487305,
    "optimal": true,
    "o": 18306.283987155875,
    "u": [
        [
            true,
            true,
            true,
            true,
            true,
            true,
            true,
            true
        ],
        [
            true,
            true,
            true,
            true,
            true,
            true,
            true,
            true
        ]
    ],
    "p": [
        [
            99.99999999999999,
            97.98106123959761,
            94.61796376672837,
            95.69489419304935,
            86.8064825802158,
            87.68552451437964,
            87.25411175949664,
            80.60263999671457
        ],
        [
            99.99999999999999,
            97.98106123959761,
            94.61796376672837,
            95.69489419304935,
            86.8064825802158,
            87.68552451437964,
            87.25411175949664,
            80.60263999671457
        ]
    ]
}