{
    "ucp": {
        "parameters": {
            "num_loads": 8,
            "num_plants": 4,
            "offset_loads": 0
        },
        "loads": [
            1494.0,
            1463.8370695124977,
            1413.5923927626286,
            1429.68173349368,
            1296.8888626633118,
            1310.021749289759,
            1303.5764426668352,
            1204.2034535539442
        ],
        "plants": [
            {
                "A": 95.856,
                "B": 7.374,
                "C": 0.047,
                "Pmin": 665,
                "Pmax": 1900,
                "AU": 20.14,
                "AD": 0,
                "initially_on": false,
                "type": "coal, large subcritical"
            },
            {
                "A": 95.856,
                "B": 7.374,
                "C": 0.047,
                "Pmin": 665,
                "Pmax": 1900,
                "AU": 20.14,
                "AD": 0,
                "initially_on": false,
                "type": "coal, large subcritical"
            },
            {
                "A": 102.0,
                "B": 7.9,
                "C": 0.048,
                "Pmin": 166,
                "Pmax": 415,
                "AU": 0.087,
                "AD": 0,
                "initially_on": false,
                "type": "gas, CC"
            },
            {
                "A": 102.0,
                "B": 7.9,
                "C": 0.048,
                "Pmin": 166,
                "Pmax": 415,
                "AU": 0.087,
                "AD": 0,
                "initially_on": false,
                "type": "gas, CC"
            }
        ]
    },
    "time": 49.328532218933105,
    "optimal": true,
    "o": 347757.08866998315,
    "u": [
        [
            true,
            true,
            true,
            true,
            true,
            true,
            true,
            true
        ],
        [
            false,
            false,
            false,
            false,
            false,
            false,
            false,
            false
        ],
        [
            true,
            true,
            true,
            true,
            true,
            true,
            true,
            true
        ],
        [
            true,
            true,
            true,
            true,
            true,
            true,
            true,
            true
        ]
    ],
    "p": [
        [
            665.0,
            665.0,
            665.0,
            665.0,
            665.0,
            665.0000000000002,
            665.0000000000002,
            665.0000000000002
        ],
        [
            0,
            0,
            0,
            0,
            0,
            0,
            0,
            0
        ],
        [
            414.49895066295454,
            399.4225343678326,
            374.2945731425564,
            382.3398039153785,
            315.94391844750606,
            322.5108932935363,
            319.2863823770837,
            269.60196721368465
        ],
        [
            414.50104933704495,
            399.41453514466514,
            374.29781962007206,
            382.3419295783014,
            315.9449442158057,
            322.51085599622274,
            319.2900602897511,
            269.6014863402595
        ]
    ]
}