{
    "ucp": {
        "parameters": {
            "num_loads": 12,
            "num_plants": 4,
            "offset_loads": 0
        },
        "loads": [
            1986.5,
            1946.3938009280969,
            1879.5858689578056,
            1900.9790920918308,
            1724.4107936282926,
            1741.8729618233644,
            1733.3029473612237,
            1601.1714594945852,
            1643.5154163927966,
            1539.0545139693706,
            1553.7464501785018,
            1476.9580961181289
        ],
        "plants": [
            {
                "A": 95.856,
                "B": 7.374,
                "C": 0.047,
                "Pmin": 193.55,
                "Pmax": 553,
                "AU": 4.39635,
                "AD": 0,
                "initially_on": false,
                "type": "coal, subcritical"
            },
            {
                "A": 96.279,
                "B": 7.592,
                "C": 0.042,
                "Pmin": 261.45,
                "Pmax": 747,
                "AU": 5.93865,
                "AD": 0,
                "initially_on": false,
                "type": "coal, subcritical"
            },
            {
                "A": 95.856,
                "B": 7.374,
                "C": 0.047,
                "Pmin": 145.6,
                "Pmax": 773,
                "AU": 8.275738,
                "AD": 0,
                "initially_on": false,
                "type": "coal, supercritical"
            },
            {
                "A": 96.279,
                "B": 7.592,
                "C": 0.042,
                "Pmin": 380,
                "Pmax": 1900,
                "AU": 20.3414,
                "AD": 0,
                "initially_on": false,
                "type": "coal, supercritical"
            }
        ]
    },
    "time": 17292.1021566391,
    "optimal": true,
    "o": 560470.6788867597,
    "u": [
        [
            true,
            true,
            true,
            true,
            true,
            true,
            true,
            true,
            true,
            true,
            true,
            true
        ],
        [
            true,
            true,
            true,
            true,
            true,
            true,
            true,
            true,
            true,
            true,
            true,
            true
        ],
        [
            true,
            true,
            true,
            true,
            true,
            true,
            true,
            true,
            true,
            true,
            true,
            true
        ],
        [
            true,
            true,
            true,
            true,
            true,
            true,
            true,
            true,
            true,
            true,
            true,
            true
        ]
    ],
    "p": [
        [
            469.94943351500984,
            460.4861731545822,
            444.72250397095814,
            449.7703430869226,
            408.1081607200777,
            412.22844755636146,
            410.20630933270814,
            379.02921700175574,
            389.0204876306608,
            364.372409777089,
            367.8390463760807,
            349.72044616008134
        ],
        [
            523.3005565528246,
            512.7107175780201,
            495.07042111058263,
            500.7191934546517,
            454.0972274726301,
            458.70802464657123,
            456.4451556820045,
            421.5565047402025,
            432.73721234874347,
            405.1548395125971,
            409.0341709448022,
            388.7585945126165
        ],
        [
            469.9494335153058,
            460.48617315483614,
            444.7225039711584,
            449.7703430871383,
            408.10816072019713,
            412.228447556488,
            410.20630933283115,
            379.0292170018316,
            389.02048763075044,
            364.37240977714566,
            367.8390463761417,
            349.7204461601193
        ],
        [
            523.3005565531033,
            512.7107175783068,
            495.07042111089197,
            500.71919345495235,
            454.0972274730752,
            458.70802464699136,
            456.4451556824364,
            421.5565047410182,
            432.7372123493739,
            405.15483951401177,
            409.03417094601116,
            388.75859451699347
        ]
    ]
}