{
    "ucp": {
        "loads": [
            400.0,
            391.9242488654612,
            378.4718588387225,
            382.77958058733066,
            347.22593377866446,
            350.7421015501363,
            349.01645051320884,
            322.4105632005205,
            330.93690740353316,
            309.9027463316125,
            312.86110247742295,
            297.39906289818856,
            274.777152855803,
            286.0008284845389,
            280.63000906463515,
            261.3475245581962
        ],
        "plants": [
            {
                "A": 96.279,
                "B": 7.592,
                "C": 0.042,
                "Pmin": 10,
                "Pmax": 100,
                "AU": 20,
                "AD": 0,
                "initially_on": false,
                "type": "coal"
            },
            {
                "A": 96.279,
                "B": 7.592,
                "C": 0.042,
                "Pmin": 10,
                "Pmax": 100,
                "AU": 20,
                "AD": 0,
                "initially_on": false,
                "type": "coal"
            },
            {
                "A": 95.856,
                "B": 7.374,
                "C": 0.047,
                "Pmin": 10,
                "Pmax": 100,
                "AU": 30,
                "AD": 10,
                "initially_on": false,
                "type": "coal"
            },
            {
                "A": 96.279,
                "B": 7.592,
                "C": 0.042,
                "Pmin": 10,
                "Pmax": 100,
                "AU": 20,
                "AD": 0,
                "initially_on": false,
                "type": "coal"
            }
        ]
    },
    "time": 48.54395818710327,
    "optimal": true,
    "o": 65120.62266126995,
    "u": [
        [
            true,
            true,
            true,
            true,
            true,
            true,
            true,
            true,
            true,
            true,
            true,
            true,
            true,
            true,
            true,
            true
        ],
        [
            true,
            true,
            true,
            true,
            true,
            true,
            true,
            true,
            true,
            true,
            true,
            true,
            true,
            true,
            true,
            true
        ],
        [
            true,
            true,
            true,
            true,
            true,
            true,
            true,
            true,
            true,
            true,
            true,
            true,
            true,
            true,
            true,
            true
        ],
        [
            true,
            true,
            true,
            true,
            true,
            true,
            true,
            true,
            true,
            true,
            true,
            true,
            true,
            true,
            true,
            true
        ]
    ],
    "p": [
        [
            100.0,
            100.0,
            96.60752658664389,
            97.71388135244695,
            88.58261687205975,
            89.48567635434189,
            89.04247636125561,
            82.20927033016292,
            84.39909643694058,
            78.99688020536829,
            79.75667659254229,
            75.7855511650352,
            69.97555221402169,
            72.85813554333781,
            71.47874477718344,
            66.52641274035965
        ],
        [
            100.0,
            100.0,
            96.60752658664389,
            97.71388135244695,
            88.58261687205975,
            89.48567635434189,
            89.04247636125561,
            82.20927033016292,
            84.39909643694058,
            78.99688020536829,
            79.75667659254229,
            75.7855511650352,
            69.97555221402169,
            72.85813554333781,
            71.47874477718344,
            66.52641274035965
        ],
        [
            99.99999999999999,
            91.92424886546121,
            88.6492790787908,
            89.63793652998983,
            81.4780831624852,
            82.28507248711054,
            81.88902142944204,
            75.78275221003179,
            77.7396180927114,
            72.91210571550762,
            73.59107269979607,
            70.0424074241299,
            64.8504934678874,
            67.42641899621982,
            66.19377192858875,
            61.76828372545965
        ],
        [
            100.0,
            100.0,
            96.60752658664389,
            97.71388135244695,
            88.58261687205975,
            89.48567635434189,
            89.04247636125561,
            82.20927033016292,
            84.39909643694058,
            78.99688020536829,
            79.75667659254229,
            75.7855511650352,
            69.97555221402169,
            72.85813554333781,
            71.47874477718344,
            66.52641274035965
        ]
    ]
}