{
    "ucp": {
        "parameters": {
            "num_loads": 26,
            "num_plants": 2,
            "offset_loads": 0
        },
        "loads": [
            1226.5,
            1201.7377280837204,
            1160.489337164233,
            1173.6978889759027,
            1064.68151944883,
            1075.4629688781054,
            1070.1716913861267,
            988.5913894135961,
            1014.7352923260836,
            950.2392959393069,
            959.3103554713981,
            911.8998766115707,
            842.5354449441061,
            876.9500403407174,
            860.4817652944375,
            801.3568471765691,
            860.2416435830036,
            824.6499568675019,
            859.1897597079663,
            851.814639809259,
            836.0897251494491,
            927.2540814684503,
            857.0565164018882,
            825.8597717465155,
            999.2497262793382,
            882.4367763320693
        ],
        "plants": [
            {
                "A": 95.856,
                "B": 7.374,
                "C": 0.047,
                "Pmin": 193.55,
                "Pmax": 553,
                "AU": 4.39635,
                "AD": 0,
                "initially_on": false,
                "type": "coal, subcritical"
            },
            {
                "A": 96.279,
                "B": 7.592,
                "C": 0.042,
                "Pmin": 380,
                "Pmax": 1900,
                "AU": 20.3414,
                "AD": 0,
                "initially_on": false,
                "type": "coal, supercritical"
            }
        ]
    },
    "time": 19.61076331138611,
    "optimal": true,
    "o": 729861.2547773855,
    "u": [
        [
            true,
            true,
            true,
            true,
            true,
            true,
            true,
            true,
            true,
            true,
            true,
            true,
            true,
            true,
            true,
            true,
            true,
            true,
            true,
            true,
            true,
            true,
            true,
            true,
            true,
            true
        ],
        [
            true,
            true,
            true,
            true,
            true,
            true,
            true,
            true,
            true,
            true,
            true,
            true,
            true,
            true,
            true,
            true,
            true,
            true,
            true,
            true,
            true,
            true,
            true,
            true,
            true,
            true
        ]
    ],
    "p": [
        [
            553.0,
            553.0,
            548.8713699589059,
            553.0,
            503.65869219169804,
            508.7465671787985,
            506.24955983503656,
            467.7509905483799,
            480.08856265070943,
            449.6522498934701,
            453.93297459619026,
            431.559490296194,
            398.82571370835063,
            415.06630921238985,
            407.29476372148275,
            379.39311709994547,
            407.1814478581843,
            390.3853710600751,
            406.685053222884,
            403.2046595791848,
            395.7839133700863,
            438.8052948011891,
            405.67835413936825,
            390.95629493291204,
            472.78076747236844,
            417.655555398368
        ],
        [
            673.5,
            648.7377280837204,
            611.6179617182255,
            620.6978889759027,
            561.0228222222319,
            566.7163966134956,
            563.9221264902286,
            520.8403941894289,
            534.6467248761362,
            500.5870415510413,
            505.37737633756484,
            480.3403820014929,
            443.7097272493007,
            461.88372697938564,
            453.18699750170305,
            421.9637262845984,
            453.06019165468285,
            434.26458190538546,
            452.5047024199609,
            448.60997619977564,
            440.3058078233308,
            488.4487822808704,
            451.37815820749455,
            434.90347290589347,
            526.4689540808403,
            464.78121675887314
        ]
    ]
}