{
    "ucp": {
        "parameters": {
            "num_loads": 18,
            "num_plants": 2,
            "offset_loads": 0
        },
        "loads": [
            1226.5,
            1201.7377280837204,
            1160.489337164233,
            1173.6978889759027,
            1064.68151944883,
            1075.4629688781054,
            1070.1716913861267,
            988.5913894135961,
            1014.7352923260836,
            950.2392959393069,
            959.3103554713981,
            911.8998766115707,
            842.5354449441061,
            876.9500403407174,
            860.4817652944375,
            801.3568471765691,
            860.2416435830036,
            824.6499568675019
        ],
        "plants": [
            {
                "A": 95.856,
                "B": 7.374,
                "C": 0.047,
                "Pmin": 193.55,
                "Pmax": 553,
                "AU": 4.39635,
                "AD": 0,
                "initially_on": false,
                "type": "coal, subcritical"
            },
            {
                "A": 96.279,
                "B": 7.592,
                "C": 0.042,
                "Pmin": 380,
                "Pmax": 1900,
                "AU": 20.3414,
                "AD": 0,
                "initially_on": false,
                "type": "coal, supercritical"
            }
        ]
    },
    "time": 3.884005546569824,
    "optimal": true,
    "o": 537730.7274287383,
    "u": [
        [
            true,
            true,
            true,
            true,
            true,
            true,
            true,
            true,
            true,
            true,
            true,
            true,
            true,
            true,
            true,
            true,
            true,
            true
        ],
        [
            true,
            true,
            true,
            true,
            true,
            true,
            true,
            true,
            true,
            true,
            true,
            true,
            true,
            true,
            true,
            true,
            true,
            true
        ]
    ],
    "p": [
        [
            552.9999946007188,
            552.9999945394227,
            548.8713634103308,
            552.9999900680233,
            503.6586894868877,
            508.7465644044734,
            506.2495570939971,
            467.75098819312296,
            480.0885601873255,
            449.6522476767302,
            453.93297234542365,
            431.559488195899,
            398.82571177407556,
            415.0663072022215,
            407.2947617495455,
            379.393115210805,
            407.18144589087376,
            390.3853689993764
        ],
        [
            673.5,
            648.7377280837204,
            611.6179626169672,
            620.6978889759027,
            561.0228198458971,
            566.7163942384009,
            563.9221241114222,
            520.840391919577,
            534.6467225499707,
            500.58703937289073,
            505.3773741336806,
            480.34037993547605,
            443.70972544250327,
            461.8837250348829,
            453.1869956200053,
            421.9637246840159,
            453.0601897785175,
            434.26458000632556
        ]
    ]
}