{
    "ucp": {
        "parameters": {
            "num_loads": 32,
            "num_plants": 2,
            "offset_loads": 0
        },
        "loads": [
            1226.5,
            1201.7377280837204,
            1160.489337164233,
            1173.6978889759027,
            1064.68151944883,
            1075.4629688781054,
            1070.1716913861267,
            988.5913894135961,
            1014.7352923260836,
            950.2392959393069,
            959.3103554713981,
            911.8998766115707,
            842.5354449441061,
            876.9500403407174,
            860.4817652944375,
            801.3568471765691,
            860.2416435830036,
            824.6499568675019,
            859.1897597079663,
            851.814639809259,
            836.0897251494491,
            927.2540814684503,
            857.0565164018882,
            825.8597717465155,
            999.2497262793382,
            882.4367763320693,
            834.6273694642556,
            864.3783743580985,
            874.5255021292992,
            865.6217504040998,
            1142.0060876450746,
            933.8635309585121
        ],
        "plants": [
            {
                "A": 95.856,
                "B": 7.374,
                "C": 0.047,
                "Pmin": 193.55,
                "Pmax": 553,
                "AU": 4.39635,
                "AD": 0,
                "initially_on": false,
                "type": "coal, subcritical"
            },
            {
                "A": 96.279,
                "B": 7.592,
                "C": 0.042,
                "Pmin": 380,
                "Pmax": 1900,
                "AU": 20.3414,
                "AD": 0,
                "initially_on": false,
                "type": "coal, supercritical"
            }
        ]
    },
    "time": 35.12040305137634,
    "optimal": true,
    "o": 886189.7468999483,
    "u": [
        [
            true,
            true,
            true,
            true,
            true,
            true,
            true,
            true,
            true,
            true,
            true,
            true,
            true,
            true,
            true,
            true,
            true,
            true,
            true,
            true,
            true,
            true,
            true,
            true,
            true,
            true,
            true,
            true,
            true,
            true,
            true,
            true
        ],
        [
            true,
            true,
            true,
            true,
            true,
            true,
            true,
            true,
            true,
            true,
            true,
            true,
            true,
            true,
            true,
            true,
            true,
            true,
            true,
            true,
            true,
            true,
            true,
            true,
            true,
            true,
            true,
            true,
            true,
            true,
            true,
            true
        ]
    ],
    "p": [
        [
            553.0,
            553.0,
            548.8713699646647,
            553.0,
            503.65869219209037,
            508.7465671792429,
            506.249559835452,
            467.75099054857054,
            480.0885626509434,
            449.65224989361633,
            453.9329745963389,
            431.5594902963364,
            398.8257137085326,
            415.06630921254896,
            407.29476372164225,
            379.39311710027346,
            407.1814478583463,
            390.3853710603067,
            406.68505322305384,
            403.2046595793634,
            395.78391337028484,
            438.8052948013264,
            405.6783541395335,
            390.9562949331388,
            472.7807674725289,
            417.655555398537,
            395.09381293781206,
            409.13361293407314,
            413.9221451181693,
            409.7203746609245,
            540.1489376758462,
            441.92436083809565
        ],
        [
            673.5,
            648.7377280837204,
            611.6179617123263,
            620.6978889759027,
            561.0228222216949,
            566.7163966128983,
            563.9221264896604,
            520.8403941890934,
            534.646724875752,
            500.58704155075105,
            505.3773763372589,
            480.34038200122575,
            443.7097272489677,
            461.88372697910603,
            453.186997501394,
            421.9637262841951,
            453.060191654376,
            434.264581905034,
            452.5047024196603,
            448.6099761994666,
            440.3058078229932,
            488.4487822806,
            451.37815820718384,
            434.9034729055427,
            526.4689540804355,
            464.78121675861235,
            439.5335525771705,
            455.24475733429557,
            460.60335287351614,
            455.9013716476598,
            601.857144569081,
            491.939165702711
        ]
    ]
}