{
    "ucp": {
        "parameters": {
            "num_loads": 46,
            "num_plants": 2,
            "offset_loads": 0
        },
        "loads": [
            1102.124364223398,
            1079.8731590114483,
            1042.8076419976867,
            1054.676754731277,
            956.7154037692158,
            966.4035391933063,
            961.6488340634435,
            888.3413424657035,
            911.8340716754414,
            853.8784181795337,
            862.0296091454029,
            819.4268827932511,
            757.0964872357935,
            788.0212031522188,
            773.2229258059186,
            720.0936858626523,
            773.0071541071412,
            741.02471212348,
            772.0619385775757,
            765.4347071634427,
            751.3044082870381,
            833.2240644206822,
            770.1450209889534,
            742.1118433541045,
            897.9188497969998,
            792.9515459293328,
            749.9903456455278,
            776.7243915922329,
            785.842529988913,
            777.8416806539449,
            1026.1987226131905,
            839.1632697342583,
            768.3951978255197,
            829.8700055105555,
            752.7688955490207,
            851.2979157950431,
            856.6359110405356,
            815.1873626333398,
            843.0481825252627,
            1096.133287443085,
            1226.5,
            1226.20526248338,
            1174.7050717392162,
            1045.3773536674005,
            1159.1201350971314,
            1224.8703548580913
        ],
        "plants": [
            {
                "A": 95.856,
                "B": 7.374,
                "C": 0.047,
                "Pmin": 193.55,
                "Pmax": 553,
                "AU": 4.39635,
                "AD": 0,
                "initially_on": false,
                "type": "coal, subcritical"
            },
            {
                "A": 96.279,
                "B": 7.592,
                "C": 0.042,
                "Pmin": 380,
                "Pmax": 1900,
                "AU": 20.3414,
                "AD": 0,
                "initially_on": false,
                "type": "coal, supercritical"
            }
        ]
    },
    "time": 74.52336311340332,
    "optimal": true,
    "o": 1159278.0243495142,
    "u": [
        [
            true,
            true,
            true,
            true,
            true,
            true,
            true,
            true,
            true,
            true,
            true,
            true,
            true,
            true,
            true,
            true,
            true,
            true,
            true,
            true,
            true,
            true,
            true,
            true,
            true,
            true,
            true,
            true,
            true,
            true,
            true,
            true,
            true,
            true,
            true,
            true,
            true,
            true,
            true,
            true,
            true,
            true,
            true,
            true,
            true,
            true
        ],
        [
            true,
            true,
            true,
            true,
            true,
            true,
            true,
            true,
            true,
            true,
            true,
            true,
            true,
            true,
            true,
            true,
            true,
            true,
            true,
            true,
            true,
            true,
            true,
            true,
            true,
            true,
            true,
            true,
            true,
            true,
            true,
            true,
            true,
            true,
            true,
            true,
            true,
            true,
            true,
            true,
            true,
            true,
            true,
            true,
            true,
            true
        ]
    ],
    "p": [
        [
            521.3283491940678,
            510.8277804924593,
            493.3361882768093,
            498.93734257398023,
            452.7083906532678,
            457.2803197081984,
            455.0365262867302,
            420.4419798533513,
            431.5284362820456,
            404.1785774579024,
            408.02520688433606,
            387.9205495993553,
            358.50620576588204,
            373.09989186082083,
            366.1164351682275,
            340.0936862182483,
            366.0146103220844,
            350.9217726007329,
            365.56855355740646,
            362.44109605065995,
            355.77286515084234,
            394.4315791007503,
            364.66394076699,
            351.43480081973223,
            424.9617023928541,
            375.4265704638419,
            355.1527457048408,
            367.76881227317114,
            372.07175396834646,
            368.2960722773775,
            485.49827130099135,
            397.23435013441895,
            363.8381815251705,
            392.84876479106435,
            356.46397149606395,
            402.96081229342326,
            405.47986621763135,
            385.9198771737584,
            399.06767975750097,
            518.5010994910613,
            553.0,
            553.0,
            553.0,
            494.5488611938574,
            548.2252296930828,
            553.0
        ],
        [
            580.7960098164417,
            569.0453734112182,
            549.4714487880264,
            555.7394071684217,
            504.00700858939285,
            509.1232149128235,
            506.6123032268666,
            467.89935840847244,
            480.305631078635,
            449.69983668038844,
            454.0043981813479,
            431.50632931522273,
            398.5902778854044,
            414.92130756092797,
            407.1064869770509,
            380.0,
            406.9925401254279,
            390.1029360140812,
            406.4933813650142,
            402.9936074889083,
            395.5315395790215,
            438.79248137613286,
            405.48107657586644,
            390.67703902058776,
            472.9571431550363,
            417.524971711765,
            394.8375963897118,
            408.95557564190767,
            413.7707723003825,
            409.5456046941757,
            540.7004464576904,
            441.92891562803595,
            404.55701266252794,
            437.02123679152174,
            396.3049204888836,
            448.3370994725367,
            451.15604076863866,
            429.26748160093103,
            443.9804987776405,
            577.6321827674956,
            673.5,
            673.20526248338,
            621.7050717392162,
            550.8284875285781,
            610.8948999223325,
            671.8703548580913
        ]
    ]
}