{
    "parameters": {
        "num_loads": 6,
        "num_plants": 4,
        "offset_loads": 0
    },
    "ucp": {
        "loads": [
            400.0,
            391.9242488654612,
            378.4718588387225,
            382.77958058733066,
            347.22593377866446,
            350.7421015501363
        ],
        "plants": [
            {
                "A": 96.279,
                "B": 7.592,
                "C": 0.042,
                "Pmin": 10,
                "Pmax": 100,
                "AU": 20,
                "AD": 0,
                "initially_on": false,
                "type": "coal"
            },
            {
                "A": 96.279,
                "B": 7.592,
                "C": 0.042,
                "Pmin": 10,
                "Pmax": 100,
                "AU": 20,
                "AD": 0,
                "initially_on": false,
                "type": "coal"
            },
            {
                "A": 95.856,
                "B": 7.374,
                "C": 0.047,
                "Pmin": 10,
                "Pmax": 100,
                "AU": 30,
                "AD": 10,
                "initially_on": false,
                "type": "coal"
            },
            {
                "A": 96.279,
                "B": 7.592,
                "C": 0.042,
                "Pmin": 10,
                "Pmax": 100,
                "AU": 20,
                "AD": 0,
                "initially_on": false,
                "type": "coal"
            }
        ]
    },
    "time": 0.10251760482788086,
    "optimal": true,
    "o": 28513.519832320522,
    "u": [
        [
            true,
            true,
            true,
            true,
            true,
            true
        ],
        [
            true,
            true,
            true,
            true,
            true,
            true
        ],
        [
            true,
            true,
            true,
            true,
            true,
            true
        ],
        [
            true,
            true,
            true,
            true,
            true,
            true
        ]
    ],
    "p": [
        [
            99.99999999999999,
            99.99999899231761,
            96.60752561520891,
            97.71388036968736,
            88.58261598133814,
            89.48567545411964
        ],
        [
            99.99999999999999,
            99.99999899231761,
            96.60752561520891,
            97.71388036968736,
            88.58261598133814,
            89.48567545411964
        ],
        [
            99.99999999999999,
            91.92424886546121,
            88.64927821212407,
            89.6379356541499,
            81.47808236674986,
            82.28507168291945
        ],
        [
            99.99999999999999,
            99.99999899231761,
            96.60752561520891,
            97.71388036968736,
            88.58261598133814,
            89.48567545411964
        ]
    ]
}