{
    "ucp": {
        "parameters": {
            "num_loads": 54,
            "num_plants": 2,
            "offset_loads": 0
        },
        "loads": [
            904.3920969316983,
            886.1329831745383,
            855.717395111975,
            865.45706887503,
            785.0709758978835,
            793.0209617578962,
            789.1192988582483,
            728.9639133146215,
            748.2418090969317,
            700.6839864993481,
            707.3727712947988,
            672.4134053000371,
            621.2657136504538,
            646.6422224933378,
            634.4989058998173,
            590.901589407739,
            634.3218458279684,
            608.077377681235,
            633.5462115324335,
            628.1079725187241,
            616.5127922959296,
            683.7352328803324,
            631.9732083633756,
            608.9694665645047,
            736.8231188815298,
            650.6880118684128,
            615.4344857940199,
            637.3721732801739,
            644.8544253493383,
            638.2890093743588,
            842.0882839902927,
            688.608884640529,
            630.5373211881996,
            680.9829260904363,
            617.7145357187125,
            698.5664523639957,
            702.9467572281243,
            668.9344979717265,
            691.7968047514586,
            899.4758799709707,
            1006.4534846467546,
            1006.2116260241226,
            963.9510908146353,
            857.8260744960115,
            951.1622495660213,
            1005.1162143395295,
            1031.0440630432533,
            1144.0012880794584,
            1119.923412981479,
            1043.3020782864623,
            1023.8016979963685,
            1066.8723485543428,
            1111.5664892081081,
            1226.5
        ],
        "plants": [
            {
                "A": 95.856,
                "B": 7.374,
                "C": 0.047,
                "Pmin": 193.55,
                "Pmax": 553,
                "AU": 4.39635,
                "AD": 0,
                "initially_on": false,
                "type": "coal, subcritical"
            },
            {
                "A": 96.279,
                "B": 7.592,
                "C": 0.042,
                "Pmin": 380,
                "Pmax": 1900,
                "AU": 20.3414,
                "AD": 0,
                "initially_on": false,
                "type": "coal, supercritical"
            }
        ]
    },
    "time": 3532.185922384262,
    "optimal": false,
    "o": 1114304.7706090654,
    "u": [
        [
            true,
            true,
            true,
            true,
            true,
            true,
            true,
            true,
            true,
            true,
            true,
            true,
            true,
            true,
            true,
            true,
            true,
            true,
            true,
            true,
            true,
            true,
            true,
            true,
            true,
            true,
            true,
            true,
            true,
            true,
            true,
            true,
            true,
            true,
            true,
            true,
            true,
            true,
            true,
            true,
            true,
            true,
            true,
            true,
            true,
            true,
            true,
            true,
            true,
            true,
            true,
            true,
            true,
            true
        ],
        [
            true,
            true,
            true,
            true,
            true,
            true,
            true,
            true,
            true,
            true,
            true,
            true,
            true,
            true,
            true,
            true,
            true,
            true,
            true,
            true,
            true,
            true,
            true,
            true,
            true,
            true,
            true,
            true,
            true,
            true,
            true,
            true,
            true,
            true,
            true,
            true,
            true,
            true,
            true,
            true,
            true,
            true,
            true,
            true,
            true,
            true,
            true,
            true,
            true,
            true,
            true,
            true,
            true,
            true
        ]
    ],
    "p": [
        [
            428.01649316038413,
            419.3998327766769,
            405.0464092640159,
            409.6426597822337,
            371.70764978952286,
            375.4593284928416,
            373.6180943238276,
            345.2301596573766,
            354.3275936197622,
            320.68398707890987,
            327.3727717984267,
            292.41340617282395,
            241.2657150397145,
            266.6422236264969,
            254.49890715534116,
            210.90159110138305,
            254.32184708504656,
            228.07737920245202,
            253.5462127974515,
            248.10797383856016,
            236.51279373282622,
            303.73523363701446,
            251.97320964460152,
            228.9694680783248,
            348.93899825094684,
            270.6880129613007,
            235.43448724163574,
            257.3721745068241,
            264.8544265006647,
            258.2890105936152,
            398.6146939329546,
            308.6088853476181,
            250.53732248448242,
            300.98292687539544,
            237.7145371441943,
            318.56645296589045,
            322.9467577824198,
            288.93449888030597,
            311.7968054257066,
            425.6964806732375,
            476.18029387637046,
            476.06615834715353,
            456.1229845230027,
            406.0415163844953,
            450.0878010410951,
            475.5492224984717,
            487.78483643502426,
            541.0904929204382,
            529.7279002441063,
            493.56951775797444,
            484.3670911483651,
            504.6925665946925,
            525.7841834278333,
            553.0
        ],
        [
            476.3755994945807,
            466.7331462082519,
            450.6709818019157,
            455.8144050005946,
            413.36332239600574,
            417.5616295150105,
            415.50120080269755,
            383.73375020986725,
            393.91421193837397,
            380.0,
            380.0,
            380.0,
            380.0,
            380.0,
            380.0,
            380.0,
            380.0,
            380.0,
            380.0,
            380.0,
            380.0,
            380.0,
            380.0,
            380.0,
            387.88411714508106,
            380.0,
            380.0,
            380.0,
            380.0,
            380.0,
            443.4735860748118,
            380.0,
            380.0,
            380.0,
            380.0,
            380.0,
            380.0000000000001,
            380.0,
            380.0,
            473.77939504471965,
            530.2731860124408,
            530.1454629202095,
            507.8281017343832,
            451.7845540557197,
            501.0744440280878,
            529.5669870894865,
            543.2592217343325,
            602.9107897516237,
            590.1955074437302,
            549.7325555967029,
            539.4346020082901,
            562.1797769165297,
            585.782300526148,
            673.5
        ]
    ]
}