{
    "ucp": {
        "parameters": {
            "num_loads": 40,
            "num_plants": 2,
            "offset_loads": 0
        },
        "loads": [
            1226.5,
            1201.7377280837204,
            1160.489337164233,
            1173.6978889759027,
            1064.68151944883,
            1075.4629688781054,
            1070.1716913861267,
            988.5913894135961,
            1014.7352923260836,
            950.2392959393069,
            959.3103554713981,
            911.8998766115707,
            842.5354449441061,
            876.9500403407174,
            860.4817652944375,
            801.3568471765691,
            860.2416435830036,
            824.6499568675019,
            859.1897597079663,
            851.814639809259,
            836.0897251494491,
            927.2540814684503,
            857.0565164018882,
            825.8597717465155,
            999.2497262793382,
            882.4367763320693,
            834.6273694642556,
            864.3783743580985,
            874.5255021292992,
            865.6217504040998,
            1142.0060876450746,
            933.8635309585121,
            855.1092242635244,
            923.5215142674982,
            837.7194809965466,
            947.3675817504932,
            953.3079741246422,
            907.1819231347005,
            938.1868593349104,
            1219.8328253057614
        ],
        "plants": [
            {
                "A": 95.856,
                "B": 7.374,
                "C": 0.047,
                "Pmin": 193.55,
                "Pmax": 553,
                "AU": 4.39635,
                "AD": 0,
                "initially_on": false,
                "type": "coal, subcritical"
            },
            {
                "A": 96.279,
                "B": 7.592,
                "C": 0.042,
                "Pmin": 380,
                "Pmax": 1900,
                "AU": 20.3414,
                "AD": 0,
                "initially_on": false,
                "type": "coal, supercritical"
            }
        ]
    },
    "time": 53.23101305961609,
    "optimal": false,
    "o": 1106103.6844986747,
    "u": [
        [
            true,
            true,
            true,
            true,
            true,
            true,
            true,
            true,
            true,
            true,
            true,
            true,
            true,
            true,
            true,
            true,
            true,
            true,
            true,
            true,
            true,
            true,
            true,
            true,
            true,
            true,
            true,
            true,
            true,
            true,
            true,
            true,
            true,
            true,
            true,
            true,
            true,
            true,
            true,
            true
        ],
        [
            true,
            true,
            true,
            true,
            true,
            true,
            true,
            true,
            true,
            true,
            true,
            true,
            true,
            true,
            true,
            true,
            true,
            true,
            true,
            true,
            true,
            true,
            true,
            true,
            true,
            true,
            true,
            true,
            true,
            true,
            true,
            true,
            true,
            true,
            true,
            true,
            true,
            true,
            true,
            true
        ]
    ],
    "p": [
        [
            553.0,
            553.0,
            548.8713699629494,
            553.0,
            503.65869219190745,
            508.7465671790513,
            506.24955983527764,
            467.7509905484523,
            480.0885626508297,
            449.65224989351873,
            453.93297459625245,
            431.5594902962435,
            398.82571370843505,
            415.06630921245414,
            407.29476372156574,
            379.3931171000862,
            407.181447858269,
            390.38537106018464,
            406.6850532229615,
            403.20465957926734,
            395.78391337017797,
            438.80529480124244,
            405.6783541394437,
            390.95629493300936,
            472.78076747243574,
            417.6555553984356,
            395.0938129377049,
            409.1336129339801,
            413.92214511807515,
            409.72037466082,
            540.1489376752884,
            441.92436083803295,
            404.75940729196776,
            437.0438586023655,
            396.5530116314987,
            448.2970589344083,
            451.100390153892,
            429.3330403513806,
            443.9645832085436,
            553.0
        ],
        [
            673.5,
            648.7377280837204,
            611.6179617139153,
            620.6978889759027,
            561.0228222217676,
            566.7163966129951,
            563.9221264897591,
            520.8403941891171,
            534.6467248758084,
            500.5870415507708,
            505.37737633729637,
            480.340382001243,
            443.70972724901105,
            461.8837269791299,
            453.1869975014471,
            421.96372628420426,
            453.0601916544283,
            434.26458190507105,
            452.50470241969646,
            448.6099761995037,
            440.30580782303275,
            488.44878228062646,
            451.37815820722426,
            434.9034729055696,
            526.4689540804973,
            464.78121675862656,
            439.53355257721137,
            455.24475733432763,
            460.60335287354195,
            455.90137164767845,
            601.8571445695711,
            491.939165702762,
            450.34981292555926,
            486.47765129617005,
            441.16646540113294,
            499.0705183345844,
            502.2075794612317,
            477.84887849153023,
            494.22227168885894,
            666.8328253057614
        ]
    ]
}