{
    "ucp": {
        "loads": [
            400.0
        ],
        "plants": [
            {
                "A": 96.279,
                "B": 7.592,
                "C": 0.042,
                "Pmin": 10,
                "Pmax": 100,
                "AU": 20,
                "AD": 0,
                "initially_on": false,
                "type": "coal"
            },
            {
                "A": 96.279,
                "B": 7.592,
                "C": 0.042,
                "Pmin": 10,
                "Pmax": 100,
                "AU": 20,
                "AD": 0,
                "initially_on": false,
                "type": "coal"
            },
            {
                "A": 95.856,
                "B": 7.374,
                "C": 0.047,
                "Pmin": 10,
                "Pmax": 100,
                "AU": 30,
                "AD": 10,
                "initially_on": false,
                "type": "coal"
            },
            {
                "A": 96.279,
                "B": 7.592,
                "C": 0.042,
                "Pmin": 10,
                "Pmax": 100,
                "AU": 20,
                "AD": 0,
                "initially_on": false,
                "type": "coal"
            }
        ]
    },
    "time": 0.03302168846130371,
    "optimal": true,
    "o": 5219.692999999999,
    "u": [
        [
            true
        ],
        [
            true
        ],
        [
            true
        ],
        [
            true
        ]
    ],
    "p": [
        [
            99.99999999999999
        ],
        [
            99.99999999999999
        ],
        [
            99.99999999999999
        ],
        [
            99.99999999999999
        ]
    ]
}