{
    "ucp": {
        "parameters": {
            "num_loads": 8,
            "num_plants": 4,
            "offset_loads": 0
        },
        "loads": [
            400.0,
            391.9242488654612,
            378.4718588387225,
            382.77958058733066,
            347.22593377866446,
            350.7421015501363,
            349.01645051320884,
            322.4105632005205
        ],
        "plants": [
            {
                "A": 96.279,
                "B": 7.592,
                "C": 0.042,
                "Pmin": 10,
                "Pmax": 100,
                "AU": 20,
                "AD": 0,
                "initially_on": false,
                "type": "coal"
            },
            {
                "A": 101.1,
                "B": 7.881,
                "C": 0.049,
                "Pmin": 10,
                "Pmax": 100,
                "AU": 20,
                "AD": 15,
                "initially_on": false,
                "type": "gas"
            },
            {
                "A": 102.0,
                "B": 7.9,
                "C": 0.048,
                "Pmin": 10,
                "Pmax": 100,
                "AU": 40,
                "AD": 5,
                "initially_on": false,
                "type": "gas"
            },
            {
                "A": 95.856,
                "B": 7.374,
                "C": 0.047,
                "Pmin": 10,
                "Pmax": 100,
                "AU": 30,
                "AD": 10,
                "initially_on": false,
                "type": "coal"
            }
        ]
    },
    "time": 0.17202138900756836,
    "optimal": true,
    "o": 38157.648427887776,
    "u": [
        [
            true,
            true,
            true,
            true,
            true,
            true,
            true,
            true
        ],
        [
            true,
            true,
            true,
            true,
            true,
            true,
            true,
            true
        ],
        [
            true,
            true,
            true,
            true,
            true,
            true,
            true,
            true
        ],
        [
            true,
            true,
            true,
            true,
            true,
            true,
            true,
            true
        ]
    ],
    "p": [
        [
            99.99999999999999,
            100.0,
            100.0,
            100.0,
            96.82497077903011,
            97.7947447958659,
            97.31880290540337,
            89.98078607180442
        ],
        [
            100.0,
            95.07075940924625,
            89.20720631315274,
            90.61340233822122,
            80.04385251422309,
            80.87508739072204,
            80.46713719603007,
            74.1774084720405
        ],
        [
            100.0,
            96.85348355727895,
            90.86777311049211,
            92.30326488565656,
            81.513516108094,
            82.3620683778332,
            81.94561922076208,
            75.52485448178165
        ],
        [
            99.99999999999999,
            100.0,
            98.39687464618446,
            99.86290855020069,
            88.843590917453,
            89.71019749060343,
            89.28488771327238,
            82.72751095940897
        ]
    ]
}