{
    "ucp": {
        "parameters": {
            "num_loads": 38,
            "num_plants": 2,
            "offset_loads": 0
        },
        "loads": [
            1226.5,
            1201.7377280837204,
            1160.489337164233,
            1173.6978889759027,
            1064.68151944883,
            1075.4629688781054,
            1070.1716913861267,
            988.5913894135961,
            1014.7352923260836,
            950.2392959393069,
            959.3103554713981,
            911.8998766115707,
            842.5354449441061,
            876.9500403407174,
            860.4817652944375,
            801.3568471765691,
            860.2416435830036,
            824.6499568675019,
            859.1897597079663,
            851.814639809259,
            836.0897251494491,
            927.2540814684503,
            857.0565164018882,
            825.8597717465155,
            999.2497262793382,
            882.4367763320693,
            834.6273694642556,
            864.3783743580985,
            874.5255021292992,
            865.6217504040998,
            1142.0060876450746,
            933.8635309585121,
            855.1092242635244,
            923.5215142674982,
            837.7194809965466,
            947.3675817504932,
            953.3079741246422,
            907.1819231347005
        ],
        "plants": [
            {
                "A": 95.856,
                "B": 7.374,
                "C": 0.047,
                "Pmin": 193.55,
                "Pmax": 553,
                "AU": 4.39635,
                "AD": 0,
                "initially_on": false,
                "type": "coal, subcritical"
            },
            {
                "A": 96.279,
                "B": 7.592,
                "C": 0.042,
                "Pmin": 380,
                "Pmax": 1900,
                "AU": 20.3414,
                "AD": 0,
                "initially_on": false,
                "type": "coal, supercritical"
            }
        ]
    },
    "time": 54.50415301322937,
    "optimal": true,
    "o": 1036981.4202937008,
    "u": [
        [
            true,
            true,
            true,
            true,
            true,
            true,
            true,
            true,
            true,
            true,
            true,
            true,
            true,
            true,
            true,
            true,
            true,
            true,
            true,
            true,
            true,
            true,
            true,
            true,
            true,
            true,
            true,
            true,
            true,
            true,
            true,
            true,
            true,
            true,
            true,
            true,
            true,
            true
        ],
        [
            true,
            true,
            true,
            true,
            true,
            true,
            true,
            true,
            true,
            true,
            true,
            true,
            true,
            true,
            true,
            true,
            true,
            true,
            true,
            true,
            true,
            true,
            true,
            true,
            true,
            true,
            true,
            true,
            true,
            true,
            true,
            true,
            true,
            true,
            true,
            true,
            true,
            true
        ]
    ],
    "p": [
        [
            553.0,
            553.0,
            548.8713699321811,
            553.0,
            503.65869219003065,
            508.7465671768537,
            506.24955983321985,
            467.7509905476598,
            480.0885626497492,
            449.6522498929593,
            453.93297459561745,
            431.55949029575066,
            398.82571370766857,
            415.06630921188366,
            407.2947637208814,
            379.3931170988218,
            407.1814478575812,
            390.38537105925496,
            406.68505322229987,
            403.2046595785651,
            395.7839133693634,
            438.8052948007319,
            405.678354138771,
            390.9562949321126,
            472.78076747147907,
            417.6555553979021,
            395.09381293687323,
            409.1336129333509,
            413.9221451174948,
            409.72037466022977,
            540.1489376658117,
            441.92436083755433,
            404.7594072912991,
            437.0438586018592,
            396.5530116307036,
            448.29705893383925,
            451.1003901533726,
            429.3330403508052
        ],
        [
            673.5,
            648.7377280837204,
            611.6179617459411,
            620.6978889759027,
            561.0228222249219,
            566.7163966164288,
            563.9221264930183,
            520.8403941911852,
            534.6467248780766,
            500.58704155258823,
            505.377376339129,
            480.3403820029881,
            443.70972725104326,
            461.8837269809552,
            453.18699750330643,
            421.96372628693723,
            453.06019165628663,
            434.264581907318,
            452.50470242159696,
            448.6099762014575,
            440.30580782513584,
            488.4487822823369,
            451.37815820913914,
            434.9034729078212,
            526.4689540825733,
            464.7812167604528,
            439.5335525793263,
            455.24475733620454,
            460.6033528753758,
            455.9013716495854,
            601.857144580075,
            491.9391657045176,
            450.3498129275044,
            486.4776512978859,
            441.1664654032246,
            499.07051833636194,
            502.2075794631263,
            477.84887849319415
        ]
    ]
}