{
    "ucp": {
        "parameters": {
            "num_loads": 10,
            "num_plants": 4,
            "offset_loads": 0
        },
        "loads": [
            1494.0,
            1463.8370695124977,
            1413.5923927626286,
            1429.68173349368,
            1296.8888626633118,
            1310.021749289759,
            1303.5764426668352,
            1204.2034535539442,
            1236.0493491521963,
            1157.4867575485728
        ],
        "plants": [
            {
                "A": 95.856,
                "B": 7.374,
                "C": 0.047,
                "Pmin": 665,
                "Pmax": 1900,
                "AU": 20.14,
                "AD": 0,
                "initially_on": false,
                "type": "coal, large subcritical"
            },
            {
                "A": 95.856,
                "B": 7.374,
                "C": 0.047,
                "Pmin": 665,
                "Pmax": 1900,
                "AU": 20.14,
                "AD": 0,
                "initially_on": false,
                "type": "coal, large subcritical"
            },
            {
                "A": 102.0,
                "B": 7.9,
                "C": 0.048,
                "Pmin": 166,
                "Pmax": 415,
                "AU": 0.087,
                "AD": 0,
                "initially_on": false,
                "type": "gas, CC"
            },
            {
                "A": 102.0,
                "B": 7.9,
                "C": 0.048,
                "Pmin": 166,
                "Pmax": 415,
                "AU": 0.087,
                "AD": 0,
                "initially_on": false,
                "type": "gas, CC"
            }
        ]
    },
    "time": 325.46022844314575,
    "optimal": true,
    "o": 421782.67948701733,
    "u": [
        [
            false,
            false,
            false,
            false,
            false,
            false,
            false,
            false,
            false,
            false
        ],
        [
            true,
            true,
            true,
            true,
            true,
            true,
            true,
            true,
            true,
            true
        ],
        [
            true,
            true,
            true,
            true,
            true,
            true,
            true,
            true,
            true,
            true
        ],
        [
            true,
            true,
            true,
            true,
            true,
            true,
            true,
            true,
            true,
            true
        ]
    ],
    "p": [
        [
            0,
            0,
            0,
            0,
            0,
            0,
            0,
            0,
            0,
            0
        ],
        [
            665.0,
            665.0,
            665.0,
            665.0,
            665.0,
            665.0,
            665.0000000000003,
            665.0,
            665.0,
            665.0000000000001
        ],
        [
            414.50226000281964,
            399.42253436766015,
            374.2945731466778,
            382.34170455138275,
            315.9449442067031,
            322.5121940052433,
            319.28638237899344,
            269.6019690221168,
            285.521644031846,
            246.2440021456016
        ],
        [
            414.49773999718036,
            399.41453514483754,
            374.29781961595074,
            382.3400289422972,
            315.9439184566088,
            322.50955528451584,
            319.2900602878414,
            269.60148453182745,
            285.52770512035045,
            246.2427554029712
        ]
    ]
}