{
    "ucp": {
        "parameters": {
            "num_loads": 22,
            "num_plants": 2,
            "offset_loads": 0
        },
        "loads": [
            1226.5,
            1201.7377280837204,
            1160.489337164233,
            1173.6978889759027,
            1064.68151944883,
            1075.4629688781054,
            1070.1716913861267,
            988.5913894135961,
            1014.7352923260836,
            950.2392959393069,
            959.3103554713981,
            911.8998766115707,
            842.5354449441061,
            876.9500403407174,
            860.4817652944375,
            801.3568471765691,
            860.2416435830036,
            824.6499568675019,
            859.1897597079663,
            851.814639809259,
            836.0897251494491,
            927.2540814684503
        ],
        "plants": [
            {
                "A": 95.856,
                "B": 7.374,
                "C": 0.047,
                "Pmin": 193.55,
                "Pmax": 553,
                "AU": 4.39635,
                "AD": 0,
                "initially_on": false,
                "type": "coal, subcritical"
            },
            {
                "A": 96.279,
                "B": 7.592,
                "C": 0.042,
                "Pmin": 380,
                "Pmax": 1900,
                "AU": 20.3414,
                "AD": 0,
                "initially_on": false,
                "type": "coal, supercritical"
            }
        ]
    },
    "time": 17.323175191879272,
    "optimal": true,
    "o": 631560.0669812785,
    "u": [
        [
            true,
            true,
            true,
            true,
            true,
            true,
            true,
            true,
            true,
            true,
            true,
            true,
            true,
            true,
            true,
            true,
            true,
            true,
            true,
            true,
            true,
            true
        ],
        [
            true,
            true,
            true,
            true,
            true,
            true,
            true,
            true,
            true,
            true,
            true,
            true,
            true,
            true,
            true,
            true,
            true,
            true,
            true,
            true,
            true,
            true
        ]
    ],
    "p": [
        [
            553.0,
            553.0,
            548.87136996285,
            553.0,
            503.6586921919717,
            508.74656717910796,
            506.2495598353282,
            467.750990548526,
            480.08856265088366,
            449.65224989359,
            453.9329745963105,
            431.5594902963102,
            398.8257137085095,
            415.06630921251656,
            407.29476372161093,
            379.3931171002321,
            407.18144785830873,
            390.38537106026575,
            406.68505322301917,
            403.2046595793303,
            395.7839133704767,
            438.805294801203
        ],
        [
            673.5,
            648.7377280837204,
            611.6179617141705,
            620.6978889759027,
            561.0228222218685,
            566.7163966130909,
            563.9221264898463,
            520.8403941892159,
            534.6467248758878,
            500.587041550864,
            505.3773763373752,
            480.34038200133017,
            443.7097272491103,
            461.88372697921346,
            453.186997501512,
            421.9637262843906,
            453.0601916544872,
            434.2645819051799,
            452.5047024197755,
            448.6099761995892,
            440.30580782338365,
            488.4487822805949
        ]
    ]
}