{
    "ucp": {
        "loads": [
            200.0,
            195.9621244327306,
            189.23592941936124,
            191.38979029366533,
            173.61296688933223,
            175.37105077506814,
            174.50822525660442,
            161.20528160026026,
            165.46845370176658,
            154.95137316580625,
            156.43055123871147,
            148.69953144909428
        ],
        "plants": [
            {
                "A": 96.279,
                "B": 7.592,
                "C": 0.042,
                "Pmin": 10,
                "Pmax": 100,
                "AU": 20,
                "AD": 0,
                "initially_on": false,
                "type": "coal"
            },
            {
                "A": 96.279,
                "B": 7.592,
                "C": 0.042,
                "Pmin": 10,
                "Pmax": 100,
                "AU": 20,
                "AD": 0,
                "initially_on": false,
                "type": "coal"
            }
        ]
    },
    "time": 0.05593752861022949,
    "optimal": true,
    "o": 25883.098721521117,
    "u": [
        [
            true,
            true,
            true,
            true,
            true,
            true,
            true,
            true,
            true,
            true,
            true,
            true
        ],
        [
            true,
            true,
            true,
            true,
            true,
            true,
            true,
            true,
            true,
            true,
            true,
            true
        ]
    ],
    "p": [
        [
            99.99999999999999,
            97.98106123781852,
            94.61796376484516,
            95.6948941911997,
            86.80648257819956,
            87.68552451224063,
            87.25411175733852,
            80.6026399960136,
            82.73422602532496,
            77.47568581011572,
            78.21527483926764,
            74.34976498237056
        ],
        [
            99.99999999999999,
            97.98106123781852,
            94.61796376484516,
            95.6948941911997,
            86.80648257819956,
            87.68552451224063,
            87.25411175733852,
            80.6026399960136,
            82.73422602532496,
            77.47568581011572,
            78.21527483926764,
            74.34976498237056
        ]
    ]
}