{
    "ucp": {
        "loads": [
            400.0,
            391.9242488654612,
            378.4718588387225,
            382.77958058733066,
            347.22593377866446,
            350.7421015501363,
            349.01645051320884,
            322.4105632005205,
            330.93690740353316,
            309.9027463316125,
            312.86110247742295,
            297.39906289818856,
            274.777152855803,
            286.0008284845389,
            280.63000906463515,
            261.3475245581962,
            280.5516978664504,
            268.94413595352694
        ],
        "plants": [
            {
                "A": 96.279,
                "B": 7.592,
                "C": 0.042,
                "Pmin": 10,
                "Pmax": 100,
                "AU": 20,
                "AD": 0,
                "initially_on": false,
                "type": "coal"
            },
            {
                "A": 96.279,
                "B": 7.592,
                "C": 0.042,
                "Pmin": 10,
                "Pmax": 100,
                "AU": 20,
                "AD": 0,
                "initially_on": false,
                "type": "coal"
            },
            {
                "A": 95.856,
                "B": 7.374,
                "C": 0.047,
                "Pmin": 10,
                "Pmax": 100,
                "AU": 30,
                "AD": 10,
                "initially_on": false,
                "type": "coal"
            },
            {
                "A": 96.279,
                "B": 7.592,
                "C": 0.042,
                "Pmin": 10,
                "Pmax": 100,
                "AU": 20,
                "AD": 0,
                "initially_on": false,
                "type": "coal"
            }
        ]
    },
    "time": 595.6690680980682,
    "optimal": true,
    "o": 71663.15195097761,
    "u": [
        [
            true,
            true,
            true,
            true,
            true,
            true,
            true,
            true,
            true,
            true,
            true,
            true,
            true,
            true,
            true,
            true,
            true,
            true
        ],
        [
            true,
            true,
            true,
            true,
            true,
            true,
            true,
            true,
            true,
            true,
            true,
            true,
            true,
            true,
            true,
            true,
            true,
            true
        ],
        [
            true,
            true,
            true,
            true,
            true,
            true,
            true,
            true,
            true,
            true,
            true,
            true,
            true,
            true,
            true,
            true,
            true,
            true
        ],
        [
            true,
            true,
            true,
            true,
            true,
            true,
            true,
            true,
            true,
            true,
            true,
            true,
            true,
            true,
            true,
            true,
            true,
            true
        ]
    ],
    "p": [
        [
            100.0,
            100.0,
            96.60752658611541,
            97.7138813515671,
            88.58261687197489,
            89.48567635424438,
            89.0424763611646,
            82.20927033012455,
            84.3990964368917,
            78.99688020534035,
            79.75667659251229,
            75.78555116450083,
            69.97555221488291,
            72.85813554409226,
            71.47874477801022,
            66.52641274163821,
            71.4586320661047,
            68.4774549921987
        ],
        [
            100.0,
            100.0,
            96.60752658611538,
            97.7138813515671,
            88.58261687197489,
            89.48567635424438,
            89.0424763611646,
            82.20927033012455,
            84.3990964368917,
            78.99688020534035,
            79.75667659251229,
            75.78555116450083,
            69.97555221488291,
            72.85813554409226,
            71.47874477801022,
            66.52641274163821,
            71.4586320661047,
            68.4774549921987
        ],
        [
            99.99999999999999,
            91.92424886546121,
            88.64927908037632,
            89.63793653262935,
            81.47808316273976,
            82.2850724874032,
            81.88902142971502,
            75.78275221014682,
            77.7396180928581,
            72.91210571559147,
            73.59107269988607,
            70.04240742373666,
            64.85049346871473,
            67.42641899696281,
            66.19377192939058,
            61.768283726650246,
            66.17579886768765,
            63.51176829098927
        ],
        [
            100.0,
            100.0,
            96.60752658611538,
            97.7138813515671,
            88.58261687197489,
            89.48567635424438,
            89.0424763611646,
            82.20927033012455,
            84.3990964368917,
            78.99688020534035,
            79.75667659251229,
            75.78555116450083,
            69.97555221488291,
            72.85813554409226,
            71.47874477801022,
            66.52641274163821,
            71.4586320661047,
            68.4774549921987
        ]
    ]
}