{
    "ucp": {
        "parameters": {
            "num_loads": 8,
            "num_plants": 4,
            "offset_loads": 0
        },
        "loads": [
            1986.5,
            1946.3938009280969,
            1879.5858689578056,
            1900.9790920918308,
            1724.4107936282926,
            1741.8729618233644,
            1733.3029473612237,
            1601.1714594945852
        ],
        "plants": [
            {
                "A": 95.856,
                "B": 7.374,
                "C": 0.047,
                "Pmin": 193.55,
                "Pmax": 553,
                "AU": 4.39635,
                "AD": 0,
                "initially_on": false,
                "type": "coal, subcritical"
            },
            {
                "A": 96.279,
                "B": 7.592,
                "C": 0.042,
                "Pmin": 261.45,
                "Pmax": 747,
                "AU": 5.93865,
                "AD": 0,
                "initially_on": false,
                "type": "coal, subcritical"
            },
            {
                "A": 95.856,
                "B": 7.374,
                "C": 0.047,
                "Pmin": 145.6,
                "Pmax": 773,
                "AU": 8.275738,
                "AD": 0,
                "initially_on": false,
                "type": "coal, supercritical"
            },
            {
                "A": 96.279,
                "B": 7.592,
                "C": 0.042,
                "Pmin": 380,
                "Pmax": 1900,
                "AU": 20.3414,
                "AD": 0,
                "initially_on": false,
                "type": "coal, supercritical"
            }
        ]
    },
    "time": 107.7141342163086,
    "optimal": true,
    "o": 405214.87744172366,
    "u": [
        [
            true,
            true,
            true,
            true,
            true,
            true,
            true,
            true
        ],
        [
            true,
            true,
            true,
            true,
            true,
            true,
            true,
            true
        ],
        [
            true,
            true,
            true,
            true,
            true,
            true,
            true,
            true
        ],
        [
            true,
            true,
            true,
            true,
            true,
            true,
            true,
            true
        ]
    ],
    "p": [
        [
            469.9494335150241,
            460.4861731547507,
            444.7225039711892,
            449.7703430871359,
            408.10816072038375,
            412.2284475566639,
            410.20630933301265,
            379.02921700156793
        ],
        [
            523.3005565532882,
            512.7107175785989,
            495.07042111116164,
            500.7191934552303,
            454.0972274732039,
            458.70802464714785,
            456.44515568257987,
            421.55650474019563
        ],
        [
            469.9494335157423,
            460.48617315536677,
            444.72250397167505,
            449.7703430876593,
            408.1081607206735,
            412.2284475569711,
            410.2063093333112,
            379.02921700175193
        ],
        [
            523.3005565539643,
            512.7107175792947,
            495.07042111191276,
            500.7191934559601,
            454.0972274742841,
            458.70802464816757,
            456.4451556836283,
            421.5565047421757
        ]
    ]
}