{
    "ucp": {
        "parameters": {
            "num_loads": 8,
            "num_plants": 2,
            "offset_loads": 0
        },
        "loads": [
            1226.5,
            1201.7377280837204,
            1160.489337164233,
            1173.6978889759027,
            1064.68151944883,
            1075.4629688781054,
            1070.1716913861267,
            988.5913894135961
        ],
        "plants": [
            {
                "A": 95.856,
                "B": 7.374,
                "C": 0.047,
                "Pmin": 193.55,
                "Pmax": 553,
                "AU": 4.39635,
                "AD": 0,
                "initially_on": false,
                "type": "coal, subcritical"
            },
            {
                "A": 96.279,
                "B": 7.592,
                "C": 0.042,
                "Pmin": 380,
                "Pmax": 1900,
                "AU": 20.3414,
                "AD": 0,
                "initially_on": false,
                "type": "coal, supercritical"
            }
        ]
    },
    "time": 0.11705946922302246,
    "optimal": true,
    "o": 292454.2883815294,
    "u": [
        [
            true,
            true,
            true,
            true,
            true,
            true,
            true,
            true
        ],
        [
            true,
            true,
            true,
            true,
            true,
            true,
            true,
            true
        ]
    ],
    "p": [
        [
            553.0,
            553.0,
            548.8713699712238,
            553.0,
            503.6586921928506,
            508.74656718007424,
            506.249559836318,
            467.7509905487301
        ],
        [
            673.5,
            648.7377280837204,
            611.6179617062202,
            620.6978889759027,
            561.0228222214824,
            566.7163966126362,
            563.9221264895043,
            520.8403941886743
        ]
    ]
}