{
    "ucp": {
        "parameters": {
            "num_loads": 12,
            "num_plants": 4,
            "offset_loads": 0
        },
        "loads": [
            400.0,
            391.9242488654612,
            378.4718588387225,
            382.77958058733066,
            347.22593377866446,
            350.7421015501363,
            349.01645051320884,
            322.4105632005205,
            330.93690740353316,
            309.9027463316125,
            312.86110247742295,
            297.39906289818856
        ],
        "plants": [
            {
                "A": 96.279,
                "B": 7.592,
                "C": 0.042,
                "Pmin": 10,
                "Pmax": 100,
                "AU": 20,
                "AD": 0,
                "initially_on": false,
                "type": "coal"
            },
            {
                "A": 101.1,
                "B": 7.881,
                "C": 0.049,
                "Pmin": 10,
                "Pmax": 100,
                "AU": 20,
                "AD": 15,
                "initially_on": false,
                "type": "gas"
            },
            {
                "A": 102.0,
                "B": 7.9,
                "C": 0.048,
                "Pmin": 10,
                "Pmax": 100,
                "AU": 40,
                "AD": 5,
                "initially_on": false,
                "type": "gas"
            },
            {
                "A": 95.856,
                "B": 7.374,
                "C": 0.047,
                "Pmin": 10,
                "Pmax": 100,
                "AU": 30,
                "AD": 10,
                "initially_on": false,
                "type": "coal"
            }
        ]
    },
    "time": 1.2825040817260742,
    "optimal": true,
    "o": 53883.71246414402,
    "u": [
        [
            true,
            true,
            true,
            true,
            true,
            true,
            true,
            true,
            true,
            true,
            true,
            true
        ],
        [
            true,
            true,
            true,
            true,
            true,
            true,
            true,
            true,
            true,
            true,
            true,
            true
        ],
        [
            true,
            true,
            true,
            true,
            true,
            true,
            true,
            true,
            true,
            true,
            true,
            true
        ],
        [
            true,
            true,
            true,
            true,
            true,
            true,
            true,
            true,
            true,
            true,
            true,
            true
        ]
    ],
    "p": [
        [
            99.99999999999999,
            100.0,
            100.0,
            100.0,
            96.82497070919203,
            97.79474464032496,
            97.31880280020297,
            89.98078614280234,
            92.33238810274425,
            86.53107709488702,
            87.34700429261913,
            83.08250800466519
        ],
        [
            100.0,
            95.07075970196193,
            89.20720658117324,
            90.61340428089318,
            80.04385265528246,
            80.87508755983879,
            80.46713734920557,
            74.17740858093102,
            76.19306742541085,
            71.22051509412185,
            71.91988126672605,
            68.26459872240052
        ],
        [
            100.0,
            96.8534837256959,
            90.86777336654946,
            92.30326684246718,
            81.51351624847685,
            82.36206854644222,
            81.94561937331048,
            75.52485459102306,
            77.58250632765991,
            72.50635915702863,
            73.22029545813625,
            69.48886119453604
        ],
        [
            99.99999999999999,
            100.0,
            98.39687449856504,
            99.86290500052164,
            88.84359103090569,
            89.71019762875575,
            89.28488783715092,
            82.72751105637285,
            84.82894261351343,
            79.64479231893216,
            80.37391875337968,
            76.5630922743569
        ]
    ]
}