{
    "ucp": {
        "parameters": {
            "num_loads": 42,
            "num_plants": 2,
            "offset_loads": 0
        },
        "loads": [
            1102.124364223398,
            1079.8731590114483,
            1042.8076419976867,
            1054.676754731277,
            956.7154037692158,
            966.4035391933063,
            961.6488340634435,
            888.3413424657035,
            911.8340716754414,
            853.8784181795337,
            862.0296091454029,
            819.4268827932511,
            757.0964872357935,
            788.0212031522188,
            773.2229258059186,
            720.0936858626523,
            773.0071541071412,
            741.02471212348,
            772.0619385775757,
            765.4347071634427,
            751.3044082870381,
            833.2240644206822,
            770.1450209889534,
            742.1118433541045,
            897.9188497969998,
            792.9515459293328,
            749.9903456455278,
            776.7243915922329,
            785.842529988913,
            777.8416806539449,
            1026.1987226131905,
            839.1632697342583,
            768.3951978255197,
            829.8700055105555,
            752.7688955490207,
            851.2979157950431,
            856.6359110405356,
            815.1873626333398,
            843.0481825252627,
            1096.133287443085,
            1226.5,
            1226.20526248338
        ],
        "plants": [
            {
                "A": 95.856,
                "B": 7.374,
                "C": 0.047,
                "Pmin": 193.55,
                "Pmax": 553,
                "AU": 4.39635,
                "AD": 0,
                "initially_on": false,
                "type": "coal, subcritical"
            },
            {
                "A": 96.279,
                "B": 7.592,
                "C": 0.042,
                "Pmin": 380,
                "Pmax": 1900,
                "AU": 20.3414,
                "AD": 0,
                "initially_on": false,
                "type": "coal, supercritical"
            }
        ]
    },
    "time": 58.78379702568054,
    "optimal": true,
    "o": 1006046.3297117045,
    "u": [
        [
            true,
            true,
            true,
            true,
            true,
            true,
            true,
            true,
            true,
            true,
            true,
            true,
            true,
            true,
            true,
            true,
            true,
            true,
            true,
            true,
            true,
            true,
            true,
            true,
            true,
            true,
            true,
            true,
            true,
            true,
            true,
            true,
            true,
            true,
            true,
            true,
            true,
            true,
            true,
            true,
            true,
            true
        ],
        [
            true,
            true,
            true,
            true,
            true,
            true,
            true,
            true,
            true,
            true,
            true,
            true,
            true,
            true,
            true,
            true,
            true,
            true,
            true,
            true,
            true,
            true,
            true,
            true,
            true,
            true,
            true,
            true,
            true,
            true,
            true,
            true,
            true,
            true,
            true,
            true,
            true,
            true,
            true,
            true,
            true,
            true
        ]
    ],
    "p": [
        [
            521.3283462690825,
            510.8277777278954,
            493.33618572323576,
            498.93733992424285,
            452.7083883455468,
            457.28031736969064,
            455.0365239630955,
            420.4419777264818,
            431.52843409949065,
            404.1785754037569,
            408.02520481450046,
            387.9205475987048,
            358.50620362280415,
            373.0998898657484,
            366.1164331388416,
            340.09367437544466,
            366.01460829293063,
            350.92177008407964,
            365.56855152353114,
            362.44109398167757,
            355.7728629256197,
            394.43157708317665,
            364.66393872323874,
            351.4347983462138,
            424.9617002435333,
            375.42656847177875,
            355.15274345595,
            367.7688102553485,
            372.0717519699556,
            368.29607025783366,
            485.4982687601881,
            397.23434810666964,
            363.838179470756,
            392.8487627783261,
            356.46396929324277,
            402.960810244809,
            405.4798641585105,
            385.91987517629343,
            399.0676777220176,
            518.501096634108,
            552.9999946059245,
            552.9999944943078
        ],
        [
            580.7960071303297,
            569.0453707504897,
            549.4714461254825,
            555.7394045341414,
            504.0070061748183,
            509.1232124723471,
            506.61230079871325,
            467.89935620996016,
            480.30562879860855,
            449.699834609679,
            454.0043960794904,
            431.5063273919708,
            398.59027645476414,
            414.9213058136701,
            407.10648534795536,
            380.00000470454637,
            406.9925384995679,
            390.1029350468927,
            406.4933797472176,
            402.99360594210503,
            395.53153826227566,
            438.7924793915062,
            405.48107497573295,
            390.6770379975153,
            472.9571409226345,
            417.5249699306756,
            394.8375951051181,
            408.95557398081775,
            413.77077056776017,
            409.54560301803843,
            540.7004438736467,
            441.9289136171591,
            404.5570110787915,
            437.02123482151774,
            396.3049191377903,
            448.3370974127497,
            451.1560386875421,
            429.26747969707407,
            443.9804967492795,
            577.6321801067674,
            673.5,
            673.20526248338
        ]
    ]
}