{
    "ucp": {
        "parameters": {
            "num_loads": 2,
            "num_plants": 2,
            "offset_loads": 0
        },
        "loads": [
            1226.5,
            1201.7377280837204
        ],
        "plants": [
            {
                "A": 95.856,
                "B": 7.374,
                "C": 0.047,
                "Pmin": 193.55,
                "Pmax": 553,
                "AU": 4.39635,
                "AD": 0,
                "initially_on": false,
                "type": "coal, subcritical"
            },
            {
                "A": 96.279,
                "B": 7.592,
                "C": 0.042,
                "Pmin": 380,
                "Pmax": 1900,
                "AU": 20.3414,
                "AD": 0,
                "initially_on": false,
                "type": "coal, supercritical"
            }
        ]
    },
    "time": 0.026921749114990234,
    "optimal": true,
    "o": 84076.56795484934,
    "u": [
        [
            true,
            true
        ],
        [
            true,
            true
        ]
    ],
    "p": [
        [
            553.0,
            553.0
        ],
        [
            673.5,
            648.7377280837204
        ]
    ]
}