{
    "ucp": {
        "parameters": {
            "num_loads": 14,
            "num_plants": 2,
            "offset_loads": 0
        },
        "loads": [
            1226.5,
            1201.7377280837204,
            1160.489337164233,
            1173.6978889759027,
            1064.68151944883,
            1075.4629688781054,
            1070.1716913861267,
            988.5913894135961,
            1014.7352923260836,
            950.2392959393069,
            959.3103554713981,
            911.8998766115707,
            842.5354449441061,
            876.9500403407174
        ],
        "plants": [
            {
                "A": 95.856,
                "B": 7.374,
                "C": 0.047,
                "Pmin": 193.55,
                "Pmax": 553,
                "AU": 4.39635,
                "AD": 0,
                "initially_on": false,
                "type": "coal, subcritical"
            },
            {
                "A": 96.279,
                "B": 7.592,
                "C": 0.042,
                "Pmin": 380,
                "Pmax": 1900,
                "AU": 20.3414,
                "AD": 0,
                "initially_on": false,
                "type": "coal, supercritical"
            }
        ]
    },
    "time": 1.2903597354888916,
    "optimal": true,
    "o": 449736.1690785167,
    "u": [
        [
            true,
            true,
            true,
            true,
            true,
            true,
            true,
            true,
            true,
            true,
            true,
            true,
            true,
            true
        ],
        [
            true,
            true,
            true,
            true,
            true,
            true,
            true,
            true,
            true,
            true,
            true,
            true,
            true,
            true
        ]
    ],
    "p": [
        [
            552.9999947458575,
            552.9999946543405,
            548.8713607725482,
            552.9999860965826,
            503.6586894752798,
            508.7465643638593,
            506.24955706952886,
            467.7509882891463,
            480.0885602508647,
            449.6522478165225,
            453.93297246702014,
            431.55948833968074,
            398.82571191505997,
            415.0663070997852
        ],
        [
            673.5,
            648.7377280837204,
            611.6179656782791,
            620.6978920143126,
            561.0228203083473,
            566.7163947261554,
            563.922124587307,
            520.8403922644558,
            534.6467229078028,
            500.58703971707246,
            505.3773744998657,
            480.34038030418196,
            443.709725861753,
            461.88372514315836
        ]
    ]
}