{
    "ucp": {
        "loads": [
            200.0,
            195.9621244327306
        ],
        "plants": [
            {
                "A": 96.279,
                "B": 7.592,
                "C": 0.042,
                "Pmin": 10,
                "Pmax": 100,
                "AU": 20,
                "AD": 0,
                "initially_on": false,
                "type": "coal"
            },
            {
                "A": 96.279,
                "B": 7.592,
                "C": 0.042,
                "Pmin": 10,
                "Pmax": 100,
                "AU": 20,
                "AD": 0,
                "initially_on": false,
                "type": "coal"
            }
        ]
    },
    "time": 0.035186767578125,
    "optimal": true,
    "o": 5077.684656199223,
    "u": [
        [
            true,
            true
        ],
        [
            true,
            true
        ]
    ],
    "p": [
        [
            99.99999999999999,
            97.98106123832095
        ],
        [
            99.99999999999999,
            97.98106123832095
        ]
    ]
}