{
    "ucp": {
        "loads": [
            200.0
        ],
        "plants": [
            {
                "A": 96.279,
                "B": 7.592,
                "C": 0.042,
                "Pmin": 10,
                "Pmax": 100,
                "AU": 20,
                "AD": 0,
                "initially_on": false,
                "type": "coal"
            },
            {
                "A": 96.279,
                "B": 7.592,
                "C": 0.042,
                "Pmin": 10,
                "Pmax": 100,
                "AU": 20,
                "AD": 0,
                "initially_on": false,
                "type": "coal"
            }
        ]
    },
    "time": 0.0290524959564209,
    "optimal": true,
    "o": 2590.9579999999996,
    "u": [
        [
            true
        ],
        [
            true
        ]
    ],
    "p": [
        [
            99.99999999999999
        ],
        [
            99.99999999999999
        ]
    ]
}