{
    "ucp": {
        "parameters": {
            "num_loads": 4,
            "num_plants": 4,
            "offset_loads": 0
        },
        "loads": [
            400.0,
            391.9242488654612,
            378.4718588387225,
            382.77958058733066
        ],
        "plants": [
            {
                "A": 96.279,
                "B": 7.592,
                "C": 0.042,
                "Pmin": 10,
                "Pmax": 100,
                "AU": 20,
                "AD": 0,
                "initially_on": false,
                "type": "coal"
            },
            {
                "A": 101.1,
                "B": 7.881,
                "C": 0.049,
                "Pmin": 10,
                "Pmax": 100,
                "AU": 20,
                "AD": 15,
                "initially_on": false,
                "type": "gas"
            },
            {
                "A": 102.0,
                "B": 7.9,
                "C": 0.048,
                "Pmin": 10,
                "Pmax": 100,
                "AU": 40,
                "AD": 5,
                "initially_on": false,
                "type": "gas"
            },
            {
                "A": 95.856,
                "B": 7.374,
                "C": 0.047,
                "Pmin": 10,
                "Pmax": 100,
                "AU": 30,
                "AD": 10,
                "initially_on": false,
                "type": "coal"
            }
        ]
    },
    "time": 0.06352925300598145,
    "optimal": true,
    "o": 20625.692111909535,
    "u": [
        [
            true,
            true,
            true,
            true
        ],
        [
            true,
            true,
            true,
            true
        ],
        [
            true,
            true,
            true,
            true
        ],
        [
            true,
            true,
            true,
            true
        ]
    ],
    "p": [
        [
            99.99999999999999,
            100.0,
            100.0,
            100.0
        ],
        [
            100.0,
            95.07075941327034,
            89.20720631684385,
            90.61340236482211
        ],
        [
            100.0,
            96.85348355947073,
            90.86777311400219,
            92.30326491242455
        ],
        [
            99.99999999999999,
            100.0,
            98.39687464375747,
            99.86290849600996
        ]
    ]
}