{
    "ucp": {
        "parameters": {
            "num_loads": 18,
            "num_plants": 4,
            "offset_loads": 0
        },
        "loads": [
            400.0,
            391.9242488654612,
            378.4718588387225,
            382.77958058733066,
            347.22593377866446,
            350.7421015501363,
            349.01645051320884,
            322.4105632005205,
            330.93690740353316,
            309.9027463316125,
            312.86110247742295,
            297.39906289818856,
            274.777152855803,
            286.0008284845389,
            280.63000906463515,
            261.3475245581962,
            280.5516978664504,
            268.94413595352694
        ],
        "plants": [
            {
                "A": 96.279,
                "B": 7.592,
                "C": 0.042,
                "Pmin": 10,
                "Pmax": 100,
                "AU": 20,
                "AD": 0,
                "initially_on": false,
                "type": "coal"
            },
            {
                "A": 101.1,
                "B": 7.881,
                "C": 0.049,
                "Pmin": 10,
                "Pmax": 100,
                "AU": 20,
                "AD": 15,
                "initially_on": false,
                "type": "gas"
            },
            {
                "A": 102.0,
                "B": 7.9,
                "C": 0.048,
                "Pmin": 10,
                "Pmax": 100,
                "AU": 40,
                "AD": 5,
                "initially_on": false,
                "type": "gas"
            },
            {
                "A": 95.856,
                "B": 7.374,
                "C": 0.047,
                "Pmin": 10,
                "Pmax": 100,
                "AU": 30,
                "AD": 10,
                "initially_on": false,
                "type": "coal"
            }
        ]
    },
    "time": 648.4618685245514,
    "optimal": true,
    "o": 74215.11415111991,
    "u": [
        [
            true,
            true,
            true,
            true,
            true,
            true,
            true,
            true,
            true,
            true,
            true,
            true,
            true,
            true,
            true,
            true,
            true,
            true
        ],
        [
            true,
            true,
            true,
            true,
            true,
            true,
            true,
            true,
            true,
            true,
            true,
            true,
            true,
            true,
            true,
            true,
            true,
            true
        ],
        [
            true,
            true,
            true,
            true,
            true,
            true,
            true,
            true,
            true,
            true,
            true,
            true,
            true,
            true,
            true,
            true,
            true,
            true
        ],
        [
            true,
            true,
            true,
            true,
            true,
            true,
            true,
            true,
            true,
            true,
            true,
            true,
            true,
            true,
            true,
            true,
            true,
            true
        ]
    ],
    "p": [
        [
            100.0,
            100.0,
            100.0,
            100.0,
            96.82497171777356,
            97.79474573612727,
            97.31880384565773,
            89.98078695519952,
            92.33238895873234,
            86.53107785099688,
            87.34700506179136,
            83.08250808279126,
            76.84328898638026,
            79.93882644206052,
            78.45753161198174,
            73.1393404063782,
            78.43593305075565,
            75.23451812068932
        ],
        [
            100.0,
            95.07076136156745,
            89.20720756302856,
            90.6134042559122,
            80.04385333838904,
            80.87508822605615,
            80.4671380256148,
            74.17740923390514,
            76.19306809708799,
            71.22051571363136,
            71.91988189474584,
            68.26459876819438,
            62.91669668437781,
            65.57001450400112,
            64.30033322083011,
            59.74188361542711,
            64.28182016834737,
            61.537750227887756
        ],
        [
            100.0,
            96.85348553759937,
            90.86777438470149,
            92.30326684073965,
            81.51351694907869,
            82.3620692301783,
            81.94562006725874,
            75.52485525933207,
            77.58250701543726,
            72.50635979078268,
            73.22029610065756,
            69.48886124235364,
            64.02954453183429,
            66.73813980601463,
            65.44200682945372,
            60.788589523963175,
            65.42310808837772,
            62.621870024174996
        ],
        [
            99.99999999999999,
            100.0,
            98.39687590773923,
            99.86290850442505,
            88.84359177342319,
            89.71019835777457,
            89.28488857467755,
            82.72751175208377,
            84.82894333227553,
            79.64479297620156,
            80.37391942022816,
            76.5630923313029,
            70.98761994641787,
            73.7538449071483,
            72.43013463328374,
            67.67770844912911,
            72.41083379133468,
            69.5499949173731
        ]
    ]
}