{
    "ucp": {
        "loads": [
            400.0,
            391.9242488654612,
            378.4718588387225,
            382.77958058733066,
            347.22593377866446,
            350.7421015501363,
            349.01645051320884,
            322.4105632005205,
            330.93690740353316,
            309.9027463316125,
            312.86110247742295,
            297.39906289818856
        ],
        "plants": [
            {
                "A": 96.279,
                "B": 7.592,
                "C": 0.042,
                "Pmin": 10,
                "Pmax": 100,
                "AU": 20,
                "AD": 0,
                "initially_on": false,
                "type": "coal"
            },
            {
                "A": 96.279,
                "B": 7.592,
                "C": 0.042,
                "Pmin": 10,
                "Pmax": 100,
                "AU": 20,
                "AD": 0,
                "initially_on": false,
                "type": "coal"
            },
            {
                "A": 95.856,
                "B": 7.374,
                "C": 0.047,
                "Pmin": 10,
                "Pmax": 100,
                "AU": 30,
                "AD": 10,
                "initially_on": false,
                "type": "coal"
            },
            {
                "A": 96.279,
                "B": 7.592,
                "C": 0.042,
                "Pmin": 10,
                "Pmax": 100,
                "AU": 20,
                "AD": 0,
                "initially_on": false,
                "type": "coal"
            }
        ]
    },
    "time": 1.1483147144317627,
    "optimal": true,
    "o": 51982.64438148857,
    "u": [
        [
            true,
            true,
            true,
            true,
            true,
            true,
            true,
            true,
            true,
            true,
            true,
            true
        ],
        [
            true,
            true,
            true,
            true,
            true,
            true,
            true,
            true,
            true,
            true,
            true,
            true
        ],
        [
            true,
            true,
            true,
            true,
            true,
            true,
            true,
            true,
            true,
            true,
            true,
            true
        ],
        [
            true,
            true,
            true,
            true,
            true,
            true,
            true,
            true,
            true,
            true,
            true,
            true
        ]
    ],
    "p": [
        [
            99.99999999999999,
            99.99999676444048,
            96.60752565534398,
            97.71388037915386,
            88.58261606936662,
            89.48567554120228,
            89.04247555414858,
            82.20926960544287,
            84.39909568633217,
            78.99687952086084,
            79.75667589854163,
            75.78555098097954
        ],
        [
            99.99999999999999,
            99.99999676444048,
            96.60752565534398,
            97.71388037915388,
            88.58261606936662,
            89.48567554120228,
            89.04247555414858,
            82.20926960544287,
            84.39909568633216,
            78.99687952086084,
            79.75667589854163,
            75.78555098116438
        ],
        [
            99.99999999999999,
            91.92425497046743,
            88.64927842445671,
            89.63793595638545,
            81.47808247374537,
            82.28507179330815,
            81.88902073882471,
            75.78275157531493,
            77.7396174384117,
            72.9121051132249,
            73.59107208972195,
            70.04240726702419
        ],
        [
            99.99999999999999,
            99.99999676444048,
            96.60752565534398,
            97.71388037915386,
            88.58261606936662,
            89.48567554120228,
            89.04247555414858,
            82.20926960544286,
            84.39909568633217,
            78.99687952086084,
            79.75667589854163,
            75.78555100515224
        ]
    ]
}