{
    "ucp": {
        "parameters": {
            "num_loads": 14,
            "num_plants": 4,
            "offset_loads": 0
        },
        "loads": [
            1986.5,
            1946.3938009280969,
            1879.5858689578056,
            1900.9790920918308,
            1724.4107936282926,
            1741.8729618233644,
            1733.3029473612237,
            1601.1714594945852,
            1643.5154163927966,
            1539.0545139693706,
            1553.7464501785018,
            1476.9580961181289,
            1364.612035370132,
            1420.3516144613411
        ],
        "plants": [
            {
                "A": 95.856,
                "B": 7.374,
                "C": 0.047,
                "Pmin": 193.55,
                "Pmax": 553,
                "AU": 4.39635,
                "AD": 0,
                "initially_on": false,
                "type": "coal, subcritical"
            },
            {
                "A": 96.279,
                "B": 7.592,
                "C": 0.042,
                "Pmin": 261.45,
                "Pmax": 747,
                "AU": 5.93865,
                "AD": 0,
                "initially_on": false,
                "type": "coal, subcritical"
            },
            {
                "A": 95.856,
                "B": 7.374,
                "C": 0.047,
                "Pmin": 145.6,
                "Pmax": 773,
                "AU": 8.275738,
                "AD": 0,
                "initially_on": false,
                "type": "coal, supercritical"
            },
            {
                "A": 96.279,
                "B": 7.592,
                "C": 0.042,
                "Pmin": 380,
                "Pmax": 1900,
                "AU": 20.3414,
                "AD": 0,
                "initially_on": false,
                "type": "coal, supercritical"
            }
        ]
    },
    "time": 311144.8639371395,
    "optimal": true,
    "o": 625146.685236252,
    "u": [
        [
            true,
            true,
            true,
            true,
            true,
            true,
            true,
            true,
            true,
            true,
            true,
            true,
            true,
            true
        ],
        [
            true,
            true,
            true,
            true,
            true,
            true,
            true,
            true,
            true,
            true,
            true,
            true,
            true,
            true
        ],
        [
            true,
            true,
            true,
            true,
            true,
            true,
            true,
            true,
            true,
            true,
            true,
            true,
            true,
            true
        ],
        [
            true,
            true,
            true,
            true,
            true,
            true,
            true,
            true,
            true,
            true,
            true,
            true,
            true,
            true
        ]
    ],
    "p": [
        [
            469.94943351501803,
            460.4861731546802,
            444.7225039710928,
            449.77034308704685,
            408.10816072025614,
            412.2284475565378,
            410.20630933288555,
            379.0292170019058,
            389.02048763083246,
            364.3724097771419,
            367.8390463761693,
            349.7204461597708,
            316.5091990234303,
            334.3799035889175
        ],
        [
            523.300556553095,
            512.7107175783575,
            495.07042111092017,
            500.719193454989,
            454.0972274729647,
            458.70802464690723,
            456.4451556823398,
            421.55650474048883,
            432.7372123490577,
            405.1548395127733,
            409.03417094501816,
            388.75859451238927,
            351.5936274789451,
            371.5917968736001
        ],
        [
            469.9494335155603,
            460.4861731551454,
            444.7225039714597,
            449.7703430874419,
            408.10816072047476,
            412.22844755676965,
            410.2063093331109,
            379.0292170020447,
            389.0204876309968,
            364.3724097772458,
            367.8390463762812,
            349.7204461598404,
            316.5091990234141,
            334.37990358894996
        ],
        [
            523.3005565536055,
            512.7107175788827,
            495.07042111148724,
            500.71919345553994,
            454.09722747378026,
            458.70802464767723,
            456.4451556831313,
            421.55650474198393,
            432.7372123502133,
            405.1548395153656,
            409.0341709472334,
            388.75859452040964,
            380.0,
            380.0
        ]
    ]
}