{
    "ucp": {
        "parameters": {
            "num_loads": 6,
            "num_plants": 4,
            "offset_loads": 0
        },
        "loads": [
            400.0,
            391.9242488654612,
            378.4718588387225,
            382.77958058733066,
            347.22593377866446,
            350.7421015501363
        ],
        "plants": [
            {
                "A": 96.279,
                "B": 7.592,
                "C": 0.042,
                "Pmin": 10,
                "Pmax": 100,
                "AU": 20,
                "AD": 0,
                "initially_on": false,
                "type": "coal"
            },
            {
                "A": 101.1,
                "B": 7.881,
                "C": 0.049,
                "Pmin": 10,
                "Pmax": 100,
                "AU": 20,
                "AD": 15,
                "initially_on": false,
                "type": "gas"
            },
            {
                "A": 102.0,
                "B": 7.9,
                "C": 0.048,
                "Pmin": 10,
                "Pmax": 100,
                "AU": 40,
                "AD": 5,
                "initially_on": false,
                "type": "gas"
            },
            {
                "A": 95.856,
                "B": 7.374,
                "C": 0.047,
                "Pmin": 10,
                "Pmax": 100,
                "AU": 30,
                "AD": 10,
                "initially_on": false,
                "type": "coal"
            }
        ]
    },
    "time": 0.10240983963012695,
    "optimal": true,
    "o": 29596.83937822082,
    "u": [
        [
            true,
            true,
            true,
            true,
            true,
            true
        ],
        [
            true,
            true,
            true,
            true,
            true,
            true
        ],
        [
            true,
            true,
            true,
            true,
            true,
            true
        ],
        [
            true,
            true,
            true,
            true,
            true,
            true
        ]
    ],
    "p": [
        [
            99.99999999999999,
            100.0,
            100.0,
            100.0,
            96.82497077616576,
            97.79474478721819
        ],
        [
            100.0,
            95.07075941920962,
            89.20720632238469,
            90.61340240798175,
            80.04385251903103,
            80.8750873942426
        ],
        [
            100.0,
            96.8534835627361,
            90.86777311928209,
            92.30326495591844,
            81.51351611287144,
            82.36206838128139
        ],
        [
            99.99999999999999,
            100.0,
            98.39687464037195,
            99.86290842139131,
            88.84359092125058,
            89.71019749289427
        ]
    ]
}