{
    "ucp": {
        "parameters": {
            "num_loads": 6,
            "num_plants": 4,
            "offset_loads": 0
        },
        "loads": [
            1494.0,
            1463.8370695124977,
            1413.5923927626286,
            1429.68173349368,
            1296.8888626633118,
            1310.021749289759
        ],
        "plants": [
            {
                "A": 95.856,
                "B": 7.374,
                "C": 0.047,
                "Pmin": 665,
                "Pmax": 1900,
                "AU": 20.14,
                "AD": 0,
                "initially_on": false,
                "type": "coal, large subcritical"
            },
            {
                "A": 95.856,
                "B": 7.374,
                "C": 0.047,
                "Pmin": 665,
                "Pmax": 1900,
                "AU": 20.14,
                "AD": 0,
                "initially_on": false,
                "type": "coal, large subcritical"
            },
            {
                "A": 102.0,
                "B": 7.9,
                "C": 0.048,
                "Pmin": 166,
                "Pmax": 415,
                "AU": 0.087,
                "AD": 0,
                "initially_on": false,
                "type": "gas, CC"
            },
            {
                "A": 102.0,
                "B": 7.9,
                "C": 0.048,
                "Pmin": 166,
                "Pmax": 415,
                "AU": 0.087,
                "AD": 0,
                "initially_on": false,
                "type": "gas, CC"
            }
        ]
    },
    "time": 13.408875942230225,
    "optimal": true,
    "o": 269711.85979126184,
    "u": [
        [
            false,
            false,
            false,
            false,
            false,
            false
        ],
        [
            true,
            true,
            true,
            true,
            true,
            true
        ],
        [
            true,
            true,
            true,
            true,
            true,
            true
        ],
        [
            true,
            true,
            true,
            true,
            true,
            true
        ]
    ],
    "p": [
        [
            0,
            0,
            0,
            0,
            0,
            0
        ],
        [
            665.0,
            665.0,
            665.0,
            665.0,
            665.0,
            665.0000000000002
        ],
        [
            414.497729805414,
            399.422691087477,
            374.2945731466778,
            382.34170455138275,
            315.94391844882654,
            322.50955528581824
        ],
        [
            414.50227019458595,
            399.4143784250208,
            374.29781961595074,
            382.3400289422972,
            315.9449442144853,
            322.5121940039405
        ]
    ]
}