{
    "ucp": {
        "parameters": {
            "num_loads": 4,
            "num_plants": 2,
            "offset_loads": 0
        },
        "loads": [
            1226.5,
            1201.7377280837204,
            1160.489337164233,
            1173.6978889759027
        ],
        "plants": [
            {
                "A": 95.856,
                "B": 7.374,
                "C": 0.047,
                "Pmin": 193.55,
                "Pmax": 553,
                "AU": 4.39635,
                "AD": 0,
                "initially_on": false,
                "type": "coal, subcritical"
            },
            {
                "A": 96.279,
                "B": 7.592,
                "C": 0.042,
                "Pmin": 380,
                "Pmax": 1900,
                "AU": 20.3414,
                "AD": 0,
                "initially_on": false,
                "type": "coal, supercritical"
            }
        ]
    },
    "time": 0.08187079429626465,
    "optimal": true,
    "o": 162366.39154502214,
    "u": [
        [
            true,
            true,
            true,
            true
        ],
        [
            true,
            true,
            true,
            true
        ]
    ],
    "p": [
        [
            552.9999944706644,
            552.9999944701829,
            548.8713670962508,
            552.9999944563325
        ],
        [
            673.5,
            648.7377280837204,
            611.6179584652768,
            620.6978889759027
        ]
    ]
}