{
    "ucp": {
        "parameters": {
            "num_loads": 6,
            "num_plants": 4,
            "offset_loads": 0
        },
        "loads": [
            1986.5,
            1946.3938009280969,
            1879.5858689578056,
            1900.9790920918308,
            1724.4107936282926,
            1741.8729618233644
        ],
        "plants": [
            {
                "A": 95.856,
                "B": 7.374,
                "C": 0.047,
                "Pmin": 193.55,
                "Pmax": 553,
                "AU": 4.39635,
                "AD": 0,
                "initially_on": false,
                "type": "coal, subcritical"
            },
            {
                "A": 96.279,
                "B": 7.592,
                "C": 0.042,
                "Pmin": 261.45,
                "Pmax": 747,
                "AU": 5.93865,
                "AD": 0,
                "initially_on": false,
                "type": "coal, subcritical"
            },
            {
                "A": 95.856,
                "B": 7.374,
                "C": 0.047,
                "Pmin": 145.6,
                "Pmax": 773,
                "AU": 8.275738,
                "AD": 0,
                "initially_on": false,
                "type": "coal, supercritical"
            },
            {
                "A": 96.279,
                "B": 7.592,
                "C": 0.042,
                "Pmin": 380,
                "Pmax": 1900,
                "AU": 20.3414,
                "AD": 0,
                "initially_on": false,
                "type": "coal, supercritical"
            }
        ]
    },
    "time": 15.581721544265747,
    "optimal": true,
    "o": 317725.0988987047,
    "u": [
        [
            true,
            true,
            true,
            true,
            true,
            true
        ],
        [
            true,
            true,
            true,
            true,
            true,
            true
        ],
        [
            true,
            true,
            true,
            true,
            true,
            true
        ],
        [
            true,
            true,
            true,
            true,
            true,
            true
        ]
    ],
    "p": [
        [
            469.9494335150253,
            460.4861731547663,
            444.72250397121076,
            449.7703430871558,
            408.10816072041086,
            412.22844755626204
        ],
        [
            523.300556553332,
            512.7107175786532,
            495.070421111216,
            500.7191934552848,
            454.0972274732563,
            458.70802464672045
        ],
        [
            469.9494335157835,
            460.4861731554167,
            444.72250397172377,
            449.7703430877083,
            408.1081607207167,
            412.2284475565863
        ],
        [
            523.3005565540458,
            512.7107175793876,
            495.07042111200894,
            500.7191934560552,
            454.0972274743965,
            458.7080246477969
        ]
    ]
}