{
    "ucp": {
        "parameters": {
            "num_loads": 16,
            "num_plants": 2,
            "offset_loads": 0
        },
        "loads": [
            1226.5,
            1201.7377280837204,
            1160.489337164233,
            1173.6978889759027,
            1064.68151944883,
            1075.4629688781054,
            1070.1716913861267,
            988.5913894135961,
            1014.7352923260836,
            950.2392959393069,
            959.3103554713981,
            911.8998766115707,
            842.5354449441061,
            876.9500403407174,
            860.4817652944375,
            801.3568471765691
        ],
        "plants": [
            {
                "A": 95.856,
                "B": 7.374,
                "C": 0.047,
                "Pmin": 193.55,
                "Pmax": 553,
                "AU": 4.39635,
                "AD": 0,
                "initially_on": false,
                "type": "coal, subcritical"
            },
            {
                "A": 96.279,
                "B": 7.592,
                "C": 0.042,
                "Pmin": 380,
                "Pmax": 1900,
                "AU": 20.3414,
                "AD": 0,
                "initially_on": false,
                "type": "coal, supercritical"
            }
        ]
    },
    "time": 1.9929654598236084,
    "optimal": false,
    "o": 493231.68436796253,
    "u": [
        [
            true,
            true,
            true,
            true,
            true,
            true,
            true,
            true,
            true,
            true,
            true,
            true,
            true,
            true,
            true,
            true
        ],
        [
            true,
            true,
            true,
            true,
            true,
            true,
            true,
            true,
            true,
            true,
            true,
            true,
            true,
            true,
            true,
            true
        ]
    ],
    "p": [
        [
            553.0,
            553.0,
            548.8713699649275,
            553.0,
            503.6586921920526,
            508.74656717921374,
            506.2495598354275,
            467.7509905485309,
            480.08856265091725,
            449.6522498935802,
            453.9329745963142,
            431.5594902963006,
            398.82571370850354,
            415.066309212516,
            407.29476372166425,
            379.393117100186
        ],
        [
            673.5,
            648.7377280837204,
            611.6179617119141,
            620.6978889759027,
            561.0228222215968,
            566.7163966128031,
            563.922126489574,
            520.8403941890176,
            534.6467248756858,
            500.58704155068455,
            505.3773763372041,
            480.34038200116123,
            443.70972724890447,
            461.88372697904305,
            453.18699750139075,
            421.963726284053
        ]
    ]
}