{
    "ucp": {
        "parameters": {
            "num_loads": 50,
            "num_plants": 2,
            "offset_loads": 0
        },
        "loads": [
            969.6115891170956,
            950.0357343899099,
            917.4267512117871,
            927.8687935371427,
            841.6857235844958,
            850.2090161357436,
            846.0259880253016,
            781.5325463324863,
            802.2006517125923,
            751.2132358558675,
            758.3843768651515,
            720.9039449466193,
            666.0677795839657,
            693.2742944892491,
            680.2552726077646,
            633.5139714967295,
            680.0654439944707,
            651.9283776140586,
            679.2338754696916,
            673.4034623225945,
            660.9721052153551,
            733.0422368103849,
            677.5474364709311,
            652.8847987533802,
            789.9585120444615,
            697.611842637346,
            659.816037526994,
            683.3357433019223,
            691.3575718247173,
            684.318696276919,
            902.8147879518451,
            738.2673479585691,
            676.0080014731699,
            730.0914496801757,
            662.2605113766084,
            748.9429974880683,
            753.6391844345645,
            717.1741590778148,
            741.6851623061553,
            964.340843213955,
            1079.0330498592116,
            1078.773749800943,
            1033.4656308551575,
            919.6874962751626,
            1019.7545328390373,
            1077.5993434037189,
            1105.3969575904157,
            1226.5,
            1200.6857687439767,
            1118.5389495203688
        ],
        "plants": [
            {
                "A": 95.856,
                "B": 7.374,
                "C": 0.047,
                "Pmin": 193.55,
                "Pmax": 553,
                "AU": 4.39635,
                "AD": 0,
                "initially_on": false,
                "type": "coal, subcritical"
            },
            {
                "A": 96.279,
                "B": 7.592,
                "C": 0.042,
                "Pmin": 380,
                "Pmax": 1900,
                "AU": 20.3414,
                "AD": 0,
                "initially_on": false,
                "type": "coal, supercritical"
            }
        ]
    },
    "time": 66.85084366798401,
    "optimal": true,
    "o": 1088847.5987175396,
    "u": [
        [
            true,
            true,
            true,
            true,
            true,
            true,
            true,
            true,
            true,
            true,
            true,
            true,
            true,
            true,
            true,
            true,
            true,
            true,
            true,
            true,
            true,
            true,
            true,
            true,
            true,
            true,
            true,
            true,
            true,
            true,
            true,
            true,
            true,
            true,
            true,
            true,
            true,
            true,
            true,
            true,
            true,
            true,
            true,
            true,
            true,
            true,
            true,
            true,
            true,
            true
        ],
        [
            true,
            true,
            true,
            true,
            true,
            true,
            true,
            true,
            true,
            true,
            true,
            true,
            true,
            true,
            true,
            true,
            true,
            true,
            true,
            true,
            true,
            true,
            true,
            true,
            true,
            true,
            true,
            true,
            true,
            true,
            true,
            true,
            true,
            true,
            true,
            true,
            true,
            true,
            true,
            true,
            true,
            true,
            true,
            true,
            true,
            true,
            true,
            true,
            true,
            true
        ]
    ],
    "p": [
        [
            458.7942309011123,
            449.5561871408991,
            434.167678298023,
            439.09538364179014,
            398.4247216088004,
            402.4469495353692,
            400.47293627907453,
            370.0378291066485,
            379.79131699298455,
            355.7298399597194,
            359.11397390348566,
            340.9039452916765,
            286.0677805226983,
            313.2742951551156,
            300.255273404329,
            253.51397276133858,
            300.0654447929379,
            271.92837869436494,
            299.2338762764979,
            293.40346318783895,
            280.9721062051176,
            347.1547617964268,
            297.54743729464457,
            272.8847998241124,
            374.0141275138461,
            317.6118432595504,
            279.81603852833257,
            303.3357440675933,
            311.35757250985307,
            304.3186970327304,
            427.27214510676686,
            349.62054457512306,
            296.0080023123151,
            345.762255515362,
            282.26051235346984,
            354.6584915214149,
            356.87466962078446,
            337.17415949659795,
            351.2334457207835,
            456.30691262148986,
            510.43132449032896,
            510.30895817127663,
            488.92759876995405,
            435.23454674986266,
            482.4571929951797,
            509.754743919033,
            522.8727190909369,
            553.0,
            553.0,
            529.0745579496653
        ],
        [
            510.81735362817653,
            500.4795427535886,
            483.25906857223214,
            488.7734055045413,
            443.2609979916067,
            447.76206257606117,
            445.5530477416544,
            411.4947135256311,
            422.40933092186054,
            395.48339233902846,
            399.2703993707021,
            380.0,
            380.0,
            380.0,
            380.0,
            380.0,
            380.0,
            380.0,
            380.0,
            380.0,
            380.0,
            385.88747154259175,
            380.0,
            380.0,
            415.944380790641,
            380.0,
            380.0,
            380.0,
            380.0,
            380.0,
            475.54263857250226,
            388.6467998874225,
            380.0,
            384.32919070737313,
            380.0,
            394.2845024202462,
            396.7645112452105,
            380.0000000000001,
            390.4517130732193,
            508.0339260295327,
            568.6017202646908,
            568.4647865266986,
            544.5380271960548,
            484.4529451730995,
            537.2973350194147,
            567.8445943872604,
            582.5242332708737,
            673.5,
            647.6857687439767,
            589.4643862801084
        ]
    ]
}