{
    "ucp": {
        "parameters": {
            "num_loads": 60,
            "num_plants": 2,
            "offset_loads": 0
        },
        "loads": [
            886.745364762718,
            868.8425275488943,
            839.0204162959174,
            848.5700470290819,
            769.7524682590931,
            777.5473319417948,
            773.7217992963114,
            714.7401811714974,
            733.6419216724797,
            687.0120595919847,
            693.5703310910213,
            659.2931012743619,
            609.1434165939505,
            634.024772442405,
            622.118399378462,
            579.3717649854779,
            621.9447941484636,
            596.2124148422607,
            621.1842942296231,
            615.8521675400609,
            604.4832354684133,
            670.3940144308684,
            619.641983904653,
            597.087097056844,
            722.4460358896192,
            637.991619330304,
            603.4259691614589,
            624.9356028236261,
            632.2718592580062,
            625.8345493751536,
            825.6572399103761,
            675.172570239222,
            618.2341141308797,
            667.6954113618838,
            605.6615301631615,
            684.9358433295681,
            689.2306785539043,
            655.8820752843245,
            678.298286829616,
            881.9250742970195,
            986.815304321701,
            986.5781649069775,
            945.1422281749534,
            841.0879505832127,
            932.6029260997041,
            985.5041271780817,
            1010.9260650016189,
            1121.679239489917,
            1098.071178109344,
            1022.9448986855751,
            1003.825014851985,
            1046.0552597525912,
            1089.8773167909474,
            1202.56821523686,
            1058.159742681247,
            1129.4253917777592,
            1212.3801904615927,
            1226.5,
            1071.2138470138755,
            1023.2195461759754
        ],
        "plants": [
            {
                "A": 95.856,
                "B": 7.374,
                "C": 0.047,
                "Pmin": 193.55,
                "Pmax": 553,
                "AU": 4.39635,
                "AD": 0,
                "initially_on": false,
                "type": "coal, subcritical"
            },
            {
                "A": 96.279,
                "B": 7.592,
                "C": 0.042,
                "Pmin": 380,
                "Pmax": 1900,
                "AU": 20.3414,
                "AD": 0,
                "initially_on": false,
                "type": "coal, supercritical"
            }
        ]
    },
    "time": 7466.681552648544,
    "optimal": true,
    "o": 1298588.712618112,
    "u": [
        [
            true,
            true,
            true,
            true,
            true,
            true,
            true,
            true,
            true,
            true,
            true,
            true,
            true,
            true,
            true,
            true,
            true,
            true,
            true,
            true,
            true,
            true,
            true,
            true,
            true,
            true,
            true,
            true,
            true,
            true,
            true,
            true,
            true,
            true,
            true,
            true,
            true,
            true,
            true,
            true,
            true,
            true,
            true,
            true,
            true,
            true,
            true,
            true,
            true,
            true,
            true,
            true,
            true,
            true,
            true,
            true,
            true,
            true,
            true,
            true
        ],
        [
            true,
            true,
            true,
            true,
            true,
            true,
            true,
            true,
            true,
            true,
            true,
            true,
            true,
            true,
            true,
            true,
            true,
            true,
            true,
            true,
            true,
            true,
            true,
            true,
            true,
            true,
            true,
            true,
            true,
            true,
            true,
            true,
            true,
            true,
            true,
            true,
            true,
            true,
            true,
            true,
            true,
            true,
            true,
            true,
            true,
            true,
            true,
            true,
            true,
            true,
            true,
            true,
            true,
            true,
            true,
            true,
            true,
            true,
            true,
            true
        ]
    ],