{
    "ucp": {
        "loads": [
            400.0,
            391.9242488654612,
            378.4718588387225,
            382.77958058733066,
            347.22593377866446,
            350.7421015501363,
            349.01645051320884,
            322.4105632005205,
            330.93690740353316,
            309.9027463316125
        ],
        "plants": [
            {
                "A": 96.279,
                "B": 7.592,
                "C": 0.042,
                "Pmin": 10,
                "Pmax": 100,
                "AU": 20,
                "AD": 0,
                "initially_on": false,
                "type": "coal"
            },
            {
                "A": 96.279,
                "B": 7.592,
                "C": 0.042,
                "Pmin": 10,
                "Pmax": 100,
                "AU": 20,
                "AD": 0,
                "initially_on": false,
                "type": "coal"
            },
            {
                "A": 95.856,
                "B": 7.374,
                "C": 0.047,
                "Pmin": 10,
                "Pmax": 100,
                "AU": 30,
                "AD": 10,
                "initially_on": false,
                "type": "coal"
            },
            {
                "A": 96.279,
                "B": 7.592,
                "C": 0.042,
                "Pmin": 10,
                "Pmax": 100,
                "AU": 20,
                "AD": 0,
                "initially_on": false,
                "type": "coal"
            }
        ]
    },
    "time": 0.24792838096618652,
    "optimal": true,
    "o": 44601.18411481334,
    "u": [
        [
            true,
            true,
            true,
            true,
            true,
            true,
            true,
            true,
            true,
            true
        ],
        [
            true,
            true,
            true,
            true,
            true,
            true,
            true,
            true,
            true,
            true
        ],
        [
            true,
            true,
            true,
            true,
            true,
            true,
            true,
            true,
            true,
            true
        ],
        [
            true,
            true,
            true,
            true,
            true,
            true,
            true,
            true,
            true,
            true
        ]
    ],
    "p": [
        [
            99.99999999999999,
            99.99999896778965,
            96.60752561598225,
            97.71388036897964,
            88.58261598439944,
            89.48567545750625,
            89.0424754689241,
            82.20926950717516,
            84.39909559173022,
            78.99687941270672
        ],
        [
            99.99999999999999,
            99.99999896778965,
            96.60752561598225,
            97.71388036897964,
            88.58261598439944,
            89.48567545750625,
            89.0424754689241,
            82.20926950717516,
            84.39909559173022,
            78.99687941270672
        ],
        [
            99.99999999999999,
            91.92424886546121,
            88.64927822116543,
            89.63793566741887,
            81.47808237082612,
            82.28507168748696,
            81.88902063372225,
            75.78275147530503,
            77.73961733832128,
            72.91210500768851
        ],
        [
            99.99999999999999,
            99.99999896778965,
            96.60752561598224,
            97.71388036897964,
            88.58261598439945,
            89.48567545750625,
            89.04247546892411,
            82.20926950717516,
            84.39909559173022,
            78.99687941270672
        ]
    ]
}