{
    "ucp": {
        "parameters": {
            "num_loads": 4,
            "num_plants": 4,
            "offset_loads": 0
        },
        "loads": [
            1986.5,
            1946.3938009280969,
            1879.5858689578056,
            1900.9790920918308
        ],
        "plants": [
            {
                "A": 95.856,
                "B": 7.374,
                "C": 0.047,
                "Pmin": 193.55,
                "Pmax": 553,
                "AU": 4.39635,
                "AD": 0,
                "initially_on": false,
                "type": "coal, subcritical"
            },
            {
                "A": 96.279,
                "B": 7.592,
                "C": 0.042,
                "Pmin": 261.45,
                "Pmax": 747,
                "AU": 5.93865,
                "AD": 0,
                "initially_on": false,
                "type": "coal, subcritical"
            },
            {
                "A": 95.856,
                "B": 7.374,
                "C": 0.047,
                "Pmin": 145.6,
                "Pmax": 773,
                "AU": 8.275738,
                "AD": 0,
                "initially_on": false,
                "type": "coal, supercritical"
            },
            {
                "A": 96.279,
                "B": 7.592,
                "C": 0.042,
                "Pmin": 380,
                "Pmax": 1900,
                "AU": 20.3414,
                "AD": 0,
                "initially_on": false,
                "type": "coal, supercritical"
            }
        ]
    },
    "time": 2.6982059478759766,
    "optimal": true,
    "o": 224372.79376835868,
    "u": [
        [
            true,
            true,
            true,
            true
        ],
        [
            true,
            true,
            true,
            true
        ],
        [
            true,
            true,
            true,
            true
        ],
        [
            true,
            true,
            true,
            true
        ]
    ],
    "p": [
        [
            469.9494335150701,
            460.48617315526906,
            444.7225039719018,
            449.7703430867475
        ],
        [
            523.30055655468,
            512.7107175803474,
            495.07042111291884,
            500.71919345581404
        ],
        [
            469.94943351705314,
            460.48617315697004,
            444.7225039732433,
            449.7703430881923
        ],
        [
            523.300556556547,
            512.7107175822681,
            495.0704211149924,
            500.7191934578287
        ]
    ]
}