{
    "ucp": {
        "parameters": {
            "num_loads": 20,
            "num_plants": 2,
            "offset_loads": 0
        },
        "loads": [
            1226.5,
            1201.7377280837204,
            1160.489337164233,
            1173.6978889759027,
            1064.68151944883,
            1075.4629688781054,
            1070.1716913861267,
            988.5913894135961,
            1014.7352923260836,
            950.2392959393069,
            959.3103554713981,
            911.8998766115707,
            842.5354449441061,
            876.9500403407174,
            860.4817652944375,
            801.3568471765691,
            860.2416435830036,
            824.6499568675019,
            859.1897597079663,
            851.814639809259
        ],
        "plants": [
            {
                "A": 95.856,
                "B": 7.374,
                "C": 0.047,
                "Pmin": 193.55,
                "Pmax": 553,
                "AU": 4.39635,
                "AD": 0,
                "initially_on": false,
                "type": "coal, subcritical"
            },
            {
                "A": 96.279,
                "B": 7.592,
                "C": 0.042,
                "Pmin": 380,
                "Pmax": 1900,
                "AU": 20.3414,
                "AD": 0,
                "initially_on": false,
                "type": "coal, supercritical"
            }
        ]
    },
    "time": 9.902920007705688,
    "optimal": true,
    "o": 583395.3071230684,
    "u": [
        [
            true,
            true,
            true,
            true,
            true,
            true,
            true,
            true,
            true,
            true,
            true,
            true,
            true,
            true,
            true,
            true,
            true,
            true,
            true,
            true
        ],
        [
            true,
            true,
            true,
            true,
            true,
            true,
            true,
            true,
            true,
            true,
            true,
            true,
            true,
            true,
            true,
            true,
            true,
            true,
            true,
            true
        ]
    ],
    "p": [
        [
            553.0,
            553.0,
            548.8713699413844,
            553.0,
            503.6586921907223,
            508.74656717763366,
            506.2495598339533,
            467.75099054804167,
            480.08856265019716,
            449.65224989327396,
            453.9329745959524,
            431.5594902960253,
            398.82571370809256,
            415.0663092121796,
            407.29476372122514,
            379.3931170994474,
            407.1814478579078,
            390.3853710597145,
            406.6850532227378,
            403.20465957881936
        ],
        [
            673.5,
            648.7377280837204,
            611.6179617366276,
            620.6978889759027,
            561.0228222241453,
            566.7163966155625,
            563.9221264921978,
            520.8403941907405,
            534.6467248775516,
            500.58704155221915,
            505.3773763387532,
            480.3403820026177,
            443.7097272506648,
            461.88372698055935,
            453.1869975029162,
            421.9637262864132,
            453.0601916558766,
            434.2645819068622,
            452.5047024213075,
            448.60997620093343
        ]
    ]
}