{
    "ucp": {
        "parameters": {
            "num_loads": 10,
            "num_plants": 4,
            "offset_loads": 0
        },
        "loads": [
            400.0,
            391.9242488654612,
            378.4718588387225,
            382.77958058733066,
            347.22593377866446,
            350.7421015501363,
            349.01645051320884,
            322.4105632005205,
            330.93690740353316,
            309.9027463316125
        ],
        "plants": [
            {
                "A": 96.279,
                "B": 7.592,
                "C": 0.042,
                "Pmin": 10,
                "Pmax": 100,
                "AU": 20,
                "AD": 0,
                "initially_on": false,
                "type": "coal"
            },
            {
                "A": 101.1,
                "B": 7.881,
                "C": 0.049,
                "Pmin": 10,
                "Pmax": 100,
                "AU": 20,
                "AD": 15,
                "initially_on": false,
                "type": "gas"
            },
            {
                "A": 102.0,
                "B": 7.9,
                "C": 0.048,
                "Pmin": 10,
                "Pmax": 100,
                "AU": 40,
                "AD": 5,
                "initially_on": false,
                "type": "gas"
            },
            {
                "A": 95.856,
                "B": 7.374,
                "C": 0.047,
                "Pmin": 10,
                "Pmax": 100,
                "AU": 30,
                "AD": 10,
                "initially_on": false,
                "type": "coal"
            }
        ]
    },
    "time": 0.2411344051361084,
    "optimal": true,
    "o": 46249.50167887679,
    "u": [
        [
            true,
            true,
            true,
            true,
            true,
            true,
            true,
            true,
            true,
            true
        ],
        [
            true,
            true,
            true,
            true,
            true,
            true,
            true,
            true,
            true,
            true
        ],
        [
            true,
            true,
            true,
            true,
            true,
            true,
            true,
            true,
            true,
            true
        ],
        [
            true,
            true,
            true,
            true,
            true,
            true,
            true,
            true,
            true,
            true
        ]
    ],
    "p": [
        [
            99.99999999999999,
            100.0,
            100.0,
            100.0,
            96.82497077869883,
            97.79474479512585,
            97.31880290487678,
            89.98078607361361,
            92.33238805494712,
            86.53107700121478
        ],
        [
            100.0,
            95.0707594104116,
            89.20720631423245,
            90.61340234647027,
            80.04385251479924,
            80.87508739138245,
            80.46713719662043,
            74.17740847379687,
            76.19306731603119,
            71.22051498230482
        ],
        [
            100.0,
            96.85348355791027,
            90.86777311151921,
            92.30326489396467,
            81.51351610866668,
            82.36206837849008,
            81.94561922134847,
            75.52485448356637,
            77.58250621832525,
            72.50635904435792
        ],
        [
            99.99999999999999,
            100.0,
            98.396874645482,
            99.8629085349337,
            88.84359091790981,
            89.71019749112854,
            89.28488771373456,
            82.72751096116917,
            84.82894251988658,
            79.6447922149278
        ]
    ]
}