{
    "ucp": {
        "parameters": {
            "num_loads": 10,
            "num_plants": 2,
            "offset_loads": 0
        },
        "loads": [
            1226.5,
            1201.7377280837204,
            1160.489337164233,
            1173.6978889759027,
            1064.68151944883,
            1075.4629688781054,
            1070.1716913861267,
            988.5913894135961,
            1014.7352923260836,
            950.2392959393069
        ],
        "plants": [
            {
                "A": 95.856,
                "B": 7.374,
                "C": 0.047,
                "Pmin": 193.55,
                "Pmax": 553,
                "AU": 4.39635,
                "AD": 0,
                "initially_on": false,
                "type": "coal, subcritical"
            },
            {
                "A": 96.279,
                "B": 7.592,
                "C": 0.042,
                "Pmin": 380,
                "Pmax": 1900,
                "AU": 20.3414,
                "AD": 0,
                "initially_on": false,
                "type": "coal, supercritical"
            }
        ]
    },
    "time": 0.19957637786865234,
    "optimal": true,
    "o": 350419.80333389714,
    "u": [
        [
            true,
            true,
            true,
            true,
            true,
            true,
            true,
            true,
            true,
            true
        ],
        [
            true,
            true,
            true,
            true,
            true,
            true,
            true,
            true,
            true,
            true
        ]
    ],
    "p": [
        [
            553.0,
            553.0,
            548.8713699831006,
            553.0,
            503.65869219316704,
            508.74656718051574,
            506.2495598366398,
            467.7509905489916,
            480.08856265154935,
            449.65224989388497
        ],
        [
            673.5,
            648.7377280837204,
            611.6179616930511,
            620.6978889759027,
            561.0228222197445,
            566.716396610784,
            563.9221264876496,
            520.8403941877904,
            534.646724874342,
            500.58704154958434
        ]
    ]
}