{
    "ucp": {
        "parameters": {
            "num_loads": 56,
            "num_plants": 2,
            "offset_loads": 0
        },
        "loads": [
            904.3920969316983,
            886.1329831745383,
            855.717395111975,
            865.45706887503,
            785.0709758978835,
            793.0209617578962,
            789.1192988582483,
            728.9639133146215,
            748.2418090969317,
            700.6839864993481,
            707.3727712947988,
            672.4134053000371,
            621.2657136504538,
            646.6422224933378,
            634.4989058998173,
            590.901589407739,
            634.3218458279684,
            608.077377681235,
            633.5462115324335,
            628.1079725187241,
            616.5127922959296,
            683.7352328803324,
            631.9732083633756,
            608.9694665645047,
            736.8231188815298,
            650.6880118684128,
            615.4344857940199,
            637.3721732801739,
            644.8544253493383,
            638.2890093743588,
            842.0882839902927,
            688.608884640529,
            630.5373211881996,
            680.9829260904363,
            617.7145357187125,
            698.5664523639957,
            702.9467572281243,
            668.9344979717265,
            691.7968047514586,
            899.4758799709707,
            1006.4534846467546,
            1006.2116260241226,
            963.9510908146353,
            857.8260744960115,
            951.1622495660213,
            1005.1162143395295,
            1031.0440630432533,
            1144.0012880794584,
            1119.923412981479,
            1043.3020782864623,
            1023.8016979963685,
            1066.8723485543428,
            1111.5664892081081,
            1226.5,
            1079.2177175104582,
            1151.90159316042
        ],
        "plants": [
            {
                "A": 95.856,
                "B": 7.374,
                "C": 0.047,
                "Pmin": 193.55,
                "Pmax": 553,
                "AU": 4.39635,
                "AD": 0,
                "initially_on": false,
                "type": "coal, subcritical"
            },
            {
                "A": 96.279,
                "B": 7.592,
                "C": 0.042,
                "Pmin": 380,
                "Pmax": 1900,
                "AU": 20.3414,
                "AD": 0,
                "initially_on": false,
                "type": "coal, supercritical"
            }
        ]
    },
    "time": 5964.820434093475,
    "optimal": true,
    "o": 1186660.7668177497,
    "u": [
        [
            true,
            true,
            true,
            true,
            true,
            true,
            true,
            true,
            true,
            true,
            true,
            true,
            true,
            true,
            true,
            true,
            true,
            true,
            true,
            true,
            true,
            true,
            true,
            true,
            true,
            true,
            true,
            true,
            true,
            true,
            true,
            true,
            true,
            true,
            true,
            true,
            true,
            true,
            true,
            true,
            true,
            true,
            true,
            true,
            true,
            true,
            true,
            true,
            true,
            true,
            true,
            true,
            true,
            true,
            true,
            true
        ],
        [
            true,
            true,
            true,
            true,
            true,
            true,
            true,
            true,
            true,
            true,
            true,
            true,
            true,
            true,
            true,
            true,
            true,
            true,
            true,
            true,
            true,
            true,
            true,
            true,
            true,
            true,
            true,
            true,
            true,
            true,
            true,
            true,
            true,
            true,
            true,
            true,
            true,
            true,
            true,
            true,
            true,
            true,
            true,
            true,
            true,
            true,
            true,
            true,
            true,
            true,
            true,
            true,
            true,
            true,
            true,
            true
        ]
    ],
    "p": [
        [
            428.0164931604708,
            419.39983277660366,
            405.04640926403016,
            409.6426597822598,
            371.7076497903555,
            375.4593284935141,
            373.61809432462127,
            345.2301596741659,
            354.3275936234185,
            320.6839870823696,
            327.37277180497796,
            292.41340617284794,
            241.26571503765973,
            266.64222362562975,
            254.4989071540353,
            210.90159109925722,
            254.32184708389426,
            228.07737920047697,
            253.54621279621517,
            248.10797383710621,
            236.51279373083005,
            303.73523363814314,
            251.97320964306655,
            228.969468075456,
            348.93899825845745,
            270.68801296022303,
            235.43448723960856,
            257.37217450560047,
            264.85442649964125,
            258.2890105913349,
            398.6146939332425,
            308.6088853488506,
            250.53732248248892,
            300.98292687627185,
            237.714537141859,
            318.56645296910386,
            322.94675778686934,
            288.93449887983627,
            311.7968054272052,
            425.6964806732533,
            476.18029387678666,
            476.0661583475596,
            456.12298452312666,
            406.04151638444654,
            450.0878010411465,
            475.5492224988643,
            487.7848364356539,
            541.0904929281751,
            529.7279002476333,
            493.56951775876723,
            484.3670911489176,
            504.692566595905,
            525.7841834307109,
            553.0,
            510.51847101913535,
            544.8187267607261
        ],
        [
            476.3755994928649,
            466.733146206292,
            450.6709817998297,
            455.8144049986124,
            413.36332239287873,
            417.5616295121511,
            415.5012007997687,
            383.7337501906122,
            393.91421193254126,
            380.0,
            380.0,
            380.0,
            380.0,
            380.0,
            380.0,
            380.0,
            380.0,
            380.0,
            380.0,
            380.0,
            380.0,
            380.0,
            380.0,
            380.0,
            387.8841171357017,
            380.0,
            380.0,
            380.0,
            380.0,
            380.0,
            443.4735860728657,
            380.0,
            380.0,
            380.0,
            380.0,
            380.0,
            380.0000000000001,
            380.0,
            380.0,
            473.7793950429112,
            530.2731860103297,
            530.1454629180912,
            507.8281017324875,
            451.78455405358443,
            501.07444402622514,
            529.566987087371,
            543.2592217319752,
            602.9107897424301,
            590.1955074386748,
            549.7325555942118,
            539.4346020060071,
            562.1797769136804,
            585.7823005217092,
            673.5,
            568.6992413885614,
            607.0828609531652
        ]
    ]
}