{
    "ucp": {
        "parameters": {
            "num_loads": 12,
            "num_plants": 2,
            "offset_loads": 0
        },
        "loads": [
            1226.5,
            1201.7377280837204,
            1160.489337164233,
            1173.6978889759027,
            1064.68151944883,
            1075.4629688781054,
            1070.1716913861267,
            988.5913894135961,
            1014.7352923260836,
            950.2392959393069,
            959.3103554713981,
            911.8998766115707
        ],
        "plants": [
            {
                "A": 95.856,
                "B": 7.374,
                "C": 0.047,
                "Pmin": 193.55,
                "Pmax": 553,
                "AU": 4.39635,
                "AD": 0,
                "initially_on": false,
                "type": "coal, subcritical"
            },
            {
                "A": 96.279,
                "B": 7.592,
                "C": 0.042,
                "Pmin": 380,
                "Pmax": 1900,
                "AU": 20.3414,
                "AD": 0,
                "initially_on": false,
                "type": "coal, supercritical"
            }
        ]
    },
    "time": 0.4846920967102051,
    "optimal": true,
    "o": 403672.8944936051,
    "u": [
        [
            true,
            true,
            true,
            true,
            true,
            true,
            true,
            true,
            true,
            true,
            true,
            true
        ],
        [
            true,
            true,
            true,
            true,
            true,
            true,
            true,
            true,
            true,
            true,
            true,
            true
        ]
    ],
    "p": [
        [
            552.9999945649557,
            552.9999945024686,
            548.8713642599405,
            552.9999909904179,
            503.6586894782061,
            508.74656440774527,
            506.2495570929143,
            467.7509881438123,
            480.0885601513195,
            449.65224761720395,
            453.9329722906378,
            431.5594880392865
        ],
        [
            673.5,
            648.7377280837204,
            611.6179616129629,
            620.6978889759027,
            561.0228196713811,
            566.716394058851,
            563.9221239365504,
            520.8403917645527,
            534.6467223954351,
            500.5870392198938,
            505.37737398344996,
            480.3403796916193
        ]
    ]
}