{
    "parameters": {
        "num_loads": 8,
        "num_plants": 4,
        "offset_loads": 0
    },
    "ucp": {
        "loads": [
            400.0,
            391.9242488654612,
            378.4718588387225,
            382.77958058733066,
            347.22593377866446,
            350.7421015501363,
            349.01645051320884,
            322.4105632005205
        ],
        "plants": [
            {
                "A": 96.279,
                "B": 7.592,
                "C": 0.042,
                "Pmin": 10,
                "Pmax": 100,
                "AU": 20,
                "AD": 0,
                "initially_on": false,
                "type": "coal"
            },
            {
                "A": 96.279,
                "B": 7.592,
                "C": 0.042,
                "Pmin": 10,
                "Pmax": 100,
                "AU": 20,
                "AD": 0,
                "initially_on": false,
                "type": "coal"
            },
            {
                "A": 95.856,
                "B": 7.374,
                "C": 0.047,
                "Pmin": 10,
                "Pmax": 100,
                "AU": 30,
                "AD": 10,
                "initially_on": false,
                "type": "coal"
            },
            {
                "A": 96.279,
                "B": 7.592,
                "C": 0.042,
                "Pmin": 10,
                "Pmax": 100,
                "AU": 20,
                "AD": 0,
                "initially_on": false,
                "type": "coal"
            }
        ]
    },
    "time": 0.168992280960083,
    "optimal": true,
    "o": 36781.65529601499,
    "u": [
        [
            true,
            true,
            true,
            true,
            true,
            true,
            true,
            true
        ],
        [
            true,
            true,
            true,
            true,
            true,
            true,
            true,
            true
        ],
        [
            true,
            true,
            true,
            true,
            true,
            true,
            true,
            true
        ],
        [
            true,
            true,
            true,
            true,
            true,
            true,
            true,
            true
        ]
    ],
    "p": [
        [
            99.99999999999999,
            99.99999894868877,
            96.60752561531245,
            97.71388036959183,
            88.58261598175046,
            89.48567545495666,
            89.04247546632492,
            82.20926950315572
        ],
        [
            99.99999999999999,
            99.99999894868877,
            96.60752561531245,
            97.71388036959183,
            88.58261598175046,
            89.48567545495666,
            89.04247546632492,
            82.20926950315572
        ],
        [
            99.99999999999999,
            91.92424886546121,
            88.64927821333735,
            89.63793565593038,
            81.47808236729826,
            82.28507168387429,
            81.88902063015489,
            75.78275147118872
        ],
        [
            99.99999999999999,
            99.99999894868877,
            96.60752561531245,
            97.71388036959183,
            88.58261598175046,
            89.48567545495666,
            89.04247546632492,
            82.20926950315572
        ]
    ]
}