{
    "ucp": {
        "parameters": {
            "num_loads": 44,
            "num_plants": 2,
            "offset_loads": 0
        },
        "loads": [
            1102.124364223398,
            1079.8731590114483,
            1042.8076419976867,
            1054.676754731277,
            956.7154037692158,
            966.4035391933063,
            961.6488340634435,
            888.3413424657035,
            911.8340716754414,
            853.8784181795337,
            862.0296091454029,
            819.4268827932511,
            757.0964872357935,
            788.0212031522188,
            773.2229258059186,
            720.0936858626523,
            773.0071541071412,
            741.02471212348,
            772.0619385775757,
            765.4347071634427,
            751.3044082870381,
            833.2240644206822,
            770.1450209889534,
            742.1118433541045,
            897.9188497969998,
            792.9515459293328,
            749.9903456455278,
            776.7243915922329,
            785.842529988913,
            777.8416806539449,
            1026.1987226131905,
            839.1632697342583,
            768.3951978255197,
            829.8700055105555,
            752.7688955490207,
            851.2979157950431,
            856.6359110405356,
            815.1873626333398,
            843.0481825252627,
            1096.133287443085,
            1226.5,
            1226.20526248338,
            1174.7050717392162,
            1045.3773536674005
        ],
        "plants": [
            {
                "A": 95.856,
                "B": 7.374,
                "C": 0.047,
                "Pmin": 193.55,
                "Pmax": 553,
                "AU": 4.39635,
                "AD": 0,
                "initially_on": false,
                "type": "coal, subcritical"
            },
            {
                "A": 96.279,
                "B": 7.592,
                "C": 0.042,
                "Pmin": 380,
                "Pmax": 1900,
                "AU": 20.3414,
                "AD": 0,
                "initially_on": false,
                "type": "coal, supercritical"
            }
        ]
    },
    "time": 57.48388957977295,
    "optimal": true,
    "o": 1077902.351471324,
    "u": [
        [
            true,
            true,
            true,
            true,
            true,
            true,
            true,
            true,
            true,
            true,
            true,
            true,
            true,
            true,
            true,
            true,
            true,
            true,
            true,
            true,
            true,
            true,
            true,
            true,
            true,
            true,
            true,
            true,
            true,
            true,
            true,
            true,
            true,
            true,
            true,
            true,
            true,
            true,
            true,
            true,
            true,
            true,
            true,
            true
        ],
        [
            true,
            true,
            true,
            true,
            true,
            true,
            true,
            true,
            true,
            true,
            true,
            true,
            true,
            true,
            true,
            true,
            true,
            true,
            true,
            true,
            true,
            true,
            true,
            true,
            true,
            true,
            true,
            true,
            true,
            true,
            true,
            true,
            true,
            true,
            true,
            true,
            true,
            true,
            true,
            true,
            true,
            true,
            true,
            true
        ]
    ],
    "p": [
        [
            521.3283491956443,
            510.82778049352936,
            493.33618827747864,
            498.93734257475455,
            452.7083906535548,
            457.2803197085143,
            455.0365262870339,
            420.4419798536068,
            431.5284362822899,
            404.1785774582251,
            408.02520688464165,
            387.92054959983625,
            358.5062057676058,
            373.0998918616224,
            366.1164351693326,
            340.0936862583184,
            366.01461032319855,
            350.92177260418316,
            365.5685535585401,
            362.44109605200464,
            355.77286515296845,
            394.4315791011623,
            364.66394076817375,
            351.43480082297293,
            424.9617023931149,
            375.42657046456753,
            355.15274570708254,
            367.7688122741848,
            372.07175396918103,
            368.2960722783494,
            485.4982713015676,
            397.23435013479406,
            363.83818152640066,
            392.848764791492,
            356.4639714980682,
            402.9608122937621,
            405.47986621795076,
            385.9198771742609,
            399.0676797578537,
            518.5010994924468,
            553.0,
            553.0,
            553.0,
            494.54886119454056
        ],
        [
            580.7960098144868,
            569.045373409658,
            549.4714487868633,
            555.739407167166,
            504.00700858859597,
            509.1232149120074,
            506.6123032260629,
            467.8993584076971,
            480.3056310778867,
            449.6998366795439,
            454.00439818053,
            431.50632931423127,
            398.59027788314955,
            414.92130755962046,
            407.106486975445,
            380.0,
            406.9925401238198,
            390.1029360101036,
            406.4933813633734,
            402.99360748705055,
            395.5315395763651,
            438.7924813752255,
            405.48107657416375,
            390.6770390168081,
            472.9571431542877,
            417.52497171052244,
            394.8375963869419,
            408.9555756403832,
            413.77077229903745,
            409.5456046926581,
            540.7004464566575,
            441.92891562714226,
            404.55701266076085,
            437.02123679059736,
            396.30492048633704,
            448.3370994716939,
            451.156040767807,
            429.2674815999022,
            443.98049877675373,
            577.6321827656437,
            673.5,
            673.20526248338,
            621.7050717392162,
            550.8284875273886
        ]
    ]
}