{
    "ucp": {
        "loads": [
            200.0,
            195.9621244327306,
            189.23592941936124,
            191.38979029366533,
            173.61296688933223,
            175.37105077506814,
            174.50822525660442,
            161.20528160026026,
            165.46845370176658,
            154.95137316580625,
            156.43055123871147,
            148.69953144909428,
            137.3885764279015,
            143.00041424226944,
            140.31500453231757,
            130.6737622790981
        ],
        "plants": [
            {
                "A": 96.279,
                "B": 7.592,
                "C": 0.042,
                "Pmin": 10,
                "Pmax": 100,
                "AU": 20,
                "AD": 0,
                "initially_on": false,
                "type": "coal"
            },
            {
                "A": 96.279,
                "B": 7.592,
                "C": 0.042,
                "Pmin": 10,
                "Pmax": 100,
                "AU": 20,
                "AD": 0,
                "initially_on": false,
                "type": "coal"
            }
        ]
    },
    "time": 0.07148098945617676,
    "optimal": true,
    "o": 32437.252697330998,
    "u": [
        [
            true,
            true,
            true,
            true,
            true,
            true,
            true,
            true,
            true,
            true,
            true,
            true,
            true,
            true,
            true,
            true
        ],
        [
            true,
            true,
            true,
            true,
            true,
            true,
            true,
            true,
            true,
            true,
            true,
            true,
            true,
            true,
            true,
            true
        ]
    ],
    "p": [
        [
            99.99999999999999,
            97.98106124010177,
            94.61796376727128,
            95.6948941935784,
            86.80648258103749,
            87.68552451502609,
            87.2541117601503,
            80.60263999929386,
            82.73422602828839,
            77.47568581383753,
            78.21527484276321,
            74.34976498736759,
            68.69428753505964,
            71.50020641318535,
            70.15750157207498,
            65.3368804916147
        ],
        [
            99.99999999999999,
            97.98106124010177,
            94.61796376727128,
            95.6948941935784,
            86.80648258103749,
            87.68552451502609,
            87.2541117601503,
            80.60263999929386,
            82.73422602828839,
            77.47568581383753,
            78.21527484276321,
            74.34976498736759,
            68.69428753505964,
            71.50020641318535,
            70.15750157207498,
            65.3368804916147
        ]
    ]
}