{
    "ucp": {
        "parameters": {
            "num_loads": 36,
            "num_plants": 2,
            "offset_loads": 0
        },
        "loads": [
            1226.5,
            1201.7377280837204,
            1160.489337164233,
            1173.6978889759027,
            1064.68151944883,
            1075.4629688781054,
            1070.1716913861267,
            988.5913894135961,
            1014.7352923260836,
            950.2392959393069,
            959.3103554713981,
            911.8998766115707,
            842.5354449441061,
            876.9500403407174,
            860.4817652944375,
            801.3568471765691,
            860.2416435830036,
            824.6499568675019,
            859.1897597079663,
            851.814639809259,
            836.0897251494491,
            927.2540814684503,
            857.0565164018882,
            825.8597717465155,
            999.2497262793382,
            882.4367763320693,
            834.6273694642556,
            864.3783743580985,
            874.5255021292992,
            865.6217504040998,
            1142.0060876450746,
            933.8635309585121,
            855.1092242635244,
            923.5215142674982,
            837.7194809965466,
            947.3675817504932
        ],
        "plants": [
            {
                "A": 95.856,
                "B": 7.374,
                "C": 0.047,
                "Pmin": 193.55,
                "Pmax": 553,
                "AU": 4.39635,
                "AD": 0,
                "initially_on": false,
                "type": "coal, subcritical"
            },
            {
                "A": 96.279,
                "B": 7.592,
                "C": 0.042,
                "Pmin": 380,
                "Pmax": 1900,
                "AU": 20.3414,
                "AD": 0,
                "initially_on": false,
                "type": "coal, supercritical"
            }
        ]
    },
    "time": 56.90398621559143,
    "optimal": false,
    "o": 984253.5955849211,
    "u": [
        [
            true,
            true,
            true,
            true,
            true,
            true,
            true,
            true,
            true,
            true,
            true,
            true,
            true,
            true,
            true,
            true,
            true,
            true,
            true,
            true,
            true,
            true,
            true,
            true,
            true,
            true,
            true,
            true,
            true,
            true,
            true,
            true,
            true,
            true,
            true,
            true
        ],
        [
            true,
            true,
            true,
            true,
            true,
            true,
            true,
            true,
            true,
            true,
            true,
            true,
            true,
            true,
            true,
            true,
            true,
            true,
            true,
            true,
            true,
            true,
            true,
            true,
            true,
            true,
            true,
            true,
            true,
            true,
            true,
            true,
            true,
            true,
            true,
            true
        ]
    ],
    "p": [
        [
            553.0,
            553.0,
            548.8713699582089,
            553.0,
            503.65869219159356,
            508.7465671786903,
            506.2495598349386,
            467.75099054830537,
            480.0885626506406,
            449.6522498934067,
            453.9329745961319,
            431.55949029614044,
            398.82571370828504,
            415.0663092123388,
            407.29476372143273,
            379.3931170998521,
            407.1814478581378,
            390.385371060007,
            406.6850532228324,
            403.20465957912995,
            395.7839133700201,
            438.80529480113967,
            405.6783541393119,
            390.9562949328358,
            472.78076747227004,
            417.65555539832485,
            395.0938129375431,
            409.13361293385503,
            413.92214511795675,
            409.7203746606945,
            540.1489376738202,
            441.9243608379307,
            404.7594072918346,
            437.04385860226387,
            396.5530116315273,
            448.2970589342149
        ],
        [
            673.5,
            648.7377280837204,
            611.6179617187934,
            620.6978889759027,
            561.0228222222213,
            566.716396613494,
            563.9221264902318,
            520.8403941894055,
            534.6467248761295,
            500.58704155101987,
            505.377376337551,
            480.3403820014795,
            443.709727249286,
            461.8837269793785,
            453.1869975017003,
            421.96372628457794,
            453.06019165468416,
            434.2645819053759,
            452.5047024199565,
            448.60997619976973,
            440.30580782331793,
            488.44878228086117,
            451.37815820748557,
            434.9034729058742,
            526.4689540807941,
            464.78121675887405,
            439.53355257749695,
            455.24475733458326,
            460.6033528737899,
            455.90137164793134,
            601.8571445711625,
            491.93916570299854,
            450.3498129258229,
            486.47765129640595,
            441.16646540162185,
            499.0705183347378
        ]
    ]
}