{
    "ucp": {
        "loads": [
            200.0,
            195.9621244327306,
            189.23592941936124,
            191.38979029366533,
            173.61296688933223,
            175.37105077506814,
            174.50822525660442,
            161.20528160026026,
            165.46845370176658,
            154.95137316580625,
            156.43055123871147,
            148.69953144909428,
            137.3885764279015,
            143.00041424226944,
            140.31500453231757,
            130.6737622790981,
            140.2758489332252,
            134.47206797676347,
            140.1043228223345,
            138.9016942208331
        ],
        "plants": [
            {
                "A": 96.279,
                "B": 7.592,
                "C": 0.042,
                "Pmin": 10,
                "Pmax": 100,
                "AU": 20,
                "AD": 0,
                "initially_on": false,
                "type": "coal"
            },
            {
                "A": 96.279,
                "B": 7.592,
                "C": 0.042,
                "Pmin": 10,
                "Pmax": 100,
                "AU": 20,
                "AD": 0,
                "initially_on": false,
                "type": "coal"
            }
        ]
    },
    "time": 0.08053135871887207,
    "optimal": true,
    "o": 39021.92650890932,
    "u": [
        [
            true,
            true,
            true,
            true,
            true,
            true,
            true,
            true,
            true,
            true,
            true,
            true,
            true,
            true,
            true,
            true,
            true,
            true,
            true,
            true
        ],
        [
            true,
            true,
            true,
            true,
            true,
            true,
            true,
            true,
            true,
            true,
            true,
            true,
            true,
            true,
            true,
            true,
            true,
            true,
            true,
            true
        ]
    ],
    "p": [
        [
            99.99999999999999,
            97.98106125106402,
            94.61796377894312,
            95.69489420501176,
            86.80648259483725,
            87.6855245285435,
            87.25411177380394,
            80.60264001553331,
            82.73422604373707,
            77.47568583170899,
            78.21527486021694,
            74.34976500724609,
            68.69428755997068,
            71.5002064353424,
            70.15750159544133,
            65.33688052580878,
            70.13792379614506,
            67.23603335146544,
            70.05216074162885,
            69.45084643425409
        ],
        [
            99.99999999999999,
            97.98106125106402,
            94.61796377894312,
            95.69489420501176,
            86.80648259483725,
            87.6855245285435,
            87.25411177380394,
            80.60264001553331,
            82.73422604373707,
            77.47568583170899,
            78.21527486021694,
            74.34976500724609,
            68.69428755997068,
            71.5002064353424,
            70.15750159544133,
            65.33688052580878,
            70.13792379614506,
            67.23603335146544,
            70.05216074162885,
            69.45084643425409
        ]
    ]
}