{
    "ucp": {
        "loads": [
            200.0,
            195.9621244327306,
            189.23592941936124,
            191.38979029366533,
            173.61296688933223,
            175.37105077506814,
            174.50822525660442,
            161.20528160026026,
            165.46845370176658,
            154.95137316580625,
            156.43055123871147,
            148.69953144909428,
            137.3885764279015,
            143.00041424226944,
            140.31500453231757,
            130.6737622790981,
            140.2758489332252,
            134.47206797676347
        ],
        "plants": [
            {
                "A": 96.279,
                "B": 7.592,
                "C": 0.042,
                "Pmin": 10,
                "Pmax": 100,
                "AU": 20,
                "AD": 0,
                "initially_on": false,
                "type": "coal"
            },
            {
                "A": 96.279,
                "B": 7.592,
                "C": 0.042,
                "Pmin": 10,
                "Pmax": 100,
                "AU": 20,
                "AD": 0,
                "initially_on": false,
                "type": "coal"
            }
        ]
    },
    "time": 0.07391023635864258,
    "optimal": true,
    "o": 35701.21591432134,
    "u": [
        [
            true,
            true,
            true,
            true,
            true,
            true,
            true,
            true,
            true,
            true,
            true,
            true,
            true,
            true,
            true,
            true,
            true,
            true
        ],
        [
            true,
            true,
            true,
            true,
            true,
            true,
            true,
            true,
            true,
            true,
            true,
            true,
            true,
            true,
            true,
            true,
            true,
            true
        ]
    ],
    "p": [
        [
            99.99999999999999,
            97.98106124014338,
            94.61796376731478,
            95.69489419362125,
            86.80648258108609,
            87.6855245150741,
            87.25411176019874,
            80.60263999934678,
            82.73422602849108,
            77.47568581389253,
            78.21527484281903,
            74.34976498742536,
            68.69428753508717,
            71.5002064132406,
            70.15750157211784,
            65.33688049599081,
            70.13792377277508,
            67.23603332087404
        ],
        [
            99.99999999999999,
            97.98106124014338,
            94.61796376731478,
            95.69489419362125,
            86.80648258108609,
            87.6855245150741,
            87.25411176019874,
            80.60263999934678,
            82.73422602849108,
            77.47568581389253,
            78.21527484281903,
            74.34976498742536,
            68.69428753508717,
            71.5002064132406,
            70.15750157211784,
            65.33688049599081,
            70.13792377277508,
            67.23603332087404
        ]
    ]
}