{
    "ucp": {
        "loads": [
            200.0,
            195.9621244327306,
            189.23592941936124,
            191.38979029366533,
            173.61296688933223,
            175.37105077506814,
            174.50822525660442,
            161.20528160026026,
            165.46845370176658,
            154.95137316580625,
            156.43055123871147,
            148.69953144909428,
            137.3885764279015,
            143.00041424226944
        ],
        "plants": [
            {
                "A": 96.279,
                "B": 7.592,
                "C": 0.042,
                "Pmin": 10,
                "Pmax": 100,
                "AU": 20,
                "AD": 0,
                "initially_on": false,
                "type": "coal"
            },
            {
                "A": 96.279,
                "B": 7.592,
                "C": 0.042,
                "Pmin": 10,
                "Pmax": 100,
                "AU": 20,
                "AD": 0,
                "initially_on": false,
                "type": "coal"
            }
        ]
    },
    "time": 0.06384801864624023,
    "optimal": true,
    "o": 29222.74742940747,
    "u": [
        [
            true,
            true,
            true,
            true,
            true,
            true,
            true,
            true,
            true,
            true,
            true,
            true,
            true,
            true
        ],
        [
            true,
            true,
            true,
            true,
            true,
            true,
            true,
            true,
            true,
            true,
            true,
            true,
            true,
            true
        ]
    ],
    "p": [
        [
            99.99999999999999,
            97.98106123950794,
            94.61796376663318,
            95.69489419295601,
            86.80648258026217,
            87.68552451427028,
            87.25411175938623,
            80.60263999835679,
            82.7342260275675,
            77.47568581278932,
            78.21527484174663,
            74.34976498617289,
            68.69428753324037,
            71.5002064095002
        ],
        [
            99.99999999999999,
            97.98106123950794,
            94.61796376663318,
            95.69489419295601,
            86.80648258026217,
            87.68552451427028,
            87.25411175938623,
            80.60263999835679,
            82.7342260275675,
            77.47568581278932,
            78.21527484174663,
            74.34976498617289,
            68.69428753324037,
            71.5002064095002
        ]
    ]
}