{
    "ucp": {
        "parameters": {
            "num_loads": 30,
            "num_plants": 2,
            "offset_loads": 0
        },
        "loads": [
            1226.5,
            1201.7377280837204,
            1160.489337164233,
            1173.6978889759027,
            1064.68151944883,
            1075.4629688781054,
            1070.1716913861267,
            988.5913894135961,
            1014.7352923260836,
            950.2392959393069,
            959.3103554713981,
            911.8998766115707,
            842.5354449441061,
            876.9500403407174,
            860.4817652944375,
            801.3568471765691,
            860.2416435830036,
            824.6499568675019,
            859.1897597079663,
            851.814639809259,
            836.0897251494491,
            927.2540814684503,
            857.0565164018882,
            825.8597717465155,
            999.2497262793382,
            882.4367763320693,
            834.6273694642556,
            864.3783743580985,
            874.5255021292992,
            865.6217504040998
        ],
        "plants": [
            {
                "A": 95.856,
                "B": 7.374,
                "C": 0.047,
                "Pmin": 193.55,
                "Pmax": 553,
                "AU": 4.39635,
                "AD": 0,
                "initially_on": false,
                "type": "coal, subcritical"
            },
            {
                "A": 96.279,
                "B": 7.592,
                "C": 0.042,
                "Pmin": 380,
                "Pmax": 1900,
                "AU": 20.3414,
                "AD": 0,
                "initially_on": false,
                "type": "coal, supercritical"
            }
        ]
    },
    "time": 33.26309323310852,
    "optimal": true,
    "o": 821989.9211376202,
    "u": [
        [
            true,
            true,
            true,
            true,
            true,
            true,
            true,
            true,
            true,
            true,
            true,
            true,
            true,
            true,
            true,
            true,
            true,
            true,
            true,
            true,
            true,
            true,
            true,
            true,
            true,
            true,
            true,
            true,
            true,
            true
        ],
        [
            true,
            true,
            true,
            true,
            true,
            true,
            true,
            true,
            true,
            true,
            true,
            true,
            true,
            true,
            true,
            true,
            true,
            true,
            true,
            true,
            true,
            true,
            true,
            true,
            true,
            true,
            true,
            true,
            true,
            true
        ]
    ],
    "p": [
        [
            553.0,
            553.0,
            548.8713699680695,
            553.0,
            503.65869219232513,
            508.74656717950927,
            506.24955983569987,
            467.7509905486825,
            480.0885626510813,
            449.6522498936996,
            453.9329745964336,
            431.55949029639663,
            398.82571370865094,
            415.06630921261234,
            407.2947637217277,
            379.3931171004715,
            407.18144785842276,
            390.385371060429,
            406.68505322313104,
            403.20465957944975,
            395.78391337040125,
            438.8052948013927,
            405.6783541396227,
            390.956294933266,
            472.780767472656,
            417.6555553985995,
            395.0938129379296,
            409.13361293415295,
            413.9221451182899,
            409.7203746609259
        ],
        [
            673.5,
            648.7377280837204,
            611.617961708868,
            620.6978889759027,
            561.0228222213827,
            566.7163966125518,
            563.9221264893296,
            520.8403941888956,
            534.646724875526,
            500.58704155057694,
            505.3773763370867,
            480.3403820010418,
            443.709727248784,
            461.8837269789076,
            453.1869975012025,
            421.96372628396296,
            453.0601916541741,
            434.2645819048113,
            452.5047024194579,
            448.6099761992636,
            440.3058078227937,
            488.4487822804248,
            451.37815820699194,
            434.903472905329,
            526.4689540802335,
            464.7812167584173,
            439.5335525769688,
            455.24475733410264,
            460.60335287337955,
            455.90137164738064
        ]
    ]
}