{
    "ucp": {
        "parameters": {
            "num_loads": 48,
            "num_plants": 2,
            "offset_loads": 0
        },
        "loads": [
            969.6115891170956,
            950.0357343899099,
            917.4267512117871,
            927.8687935371427,
            841.6857235844958,
            850.2090161357436,
            846.0259880253016,
            781.5325463324863,
            802.2006517125923,
            751.2132358558675,
            758.3843768651515,
            720.9039449466193,
            666.0677795839657,
            693.2742944892491,
            680.2552726077646,
            633.5139714967295,
            680.0654439944707,
            651.9283776140586,
            679.2338754696916,
            673.4034623225945,
            660.9721052153551,
            733.0422368103849,
            677.5474364709311,
            652.8847987533802,
            789.9585120444615,
            697.611842637346,
            659.816037526994,
            683.3357433019223,
            691.3575718247173,
            684.318696276919,
            902.8147879518451,
            738.2673479585691,
            676.0080014731699,
            730.0914496801757,
            662.2605113766084,
            748.9429974880683,
            753.6391844345645,
            717.1741590778148,
            741.6851623061553,
            964.340843213955,
            1079.0330498592116,
            1078.773749800943,
            1033.4656308551575,
            919.6874962751626,
            1019.7545328390373,
            1077.5993434037189,
            1105.3969575904157,
            1226.5
        ],
        "plants": [
            {
                "A": 95.856,
                "B": 7.374,
                "C": 0.047,
                "Pmin": 193.55,
                "Pmax": 553,
                "AU": 4.39635,
                "AD": 0,
                "initially_on": false,
                "type": "coal, subcritical"
            },
            {
                "A": 96.279,
                "B": 7.592,
                "C": 0.042,
                "Pmin": 380,
                "Pmax": 1900,
                "AU": 20.3414,
                "AD": 0,
                "initially_on": false,
                "type": "coal, supercritical"
            }
        ]
    },
    "time": 52.294543981552124,
    "optimal": false,
    "o": 1011349.8742679683,
    "u": [
        [
            true,
            true,
            true,
            true,
            true,
            true,
            true,
            true,
            true,
            true,
            true,
            true,
            true,
            true,
            true,
            true,
            true,
            true,
            true,
            true,
            true,
            true,
            true,
            true,
            true,
            true,
            true,
            true,
            true,
            true,
            true,
            true,
            true,
            true,
            true,
            true,
            true,
            true,
            true,
            true,
            true,
            true,
            true,
            true,
            true,
            true,
            true,
            true
        ],
        [
            true,
            true,
            true,
            true,
            true,
            true,
            true,
            true,
            true,
            true,
            true,
            true,
            true,
            true,
            true,
            true,
            true,
            true,
            true,
            true,
            true,
            true,
            true,
            true,
            true,
            true,
            true,
            true,
            true,
            true,
            true,
            true,
            true,
            true,
            true,
            true,
            true,
            true,
            true,
            true,
            true,
            true,
            true,
            true,
            true,
            true,
            true,
            true
        ]
    ],
    "p": [
        [
            458.79423090020754,
            449.55618714038775,
            434.1676782976045,
            439.09538364134016,
            398.4247216080441,
            402.44694953467365,
            400.47293627831857,
            370.037829104317,
            379.79131699144403,
            355.72983995377206,
            359.11397389890504,
            340.90394507700586,
            286.0677805211978,
            313.27429514969765,
            300.255273401209,
            253.51397276142578,
            300.0654447897401,
            271.9283786936344,
            299.2338762735231,
            293.40346318553304,
            280.9721062039318,
            347.1547617785123,
            297.5474372919622,
            272.88479982354283,
            374.0141275117903,
            317.6118432528885,
            279.8160385271995,
            303.33574406414033,
            311.35757250496584,
            304.3186970294919,
            427.2721451062057,
            349.62054456342065,
            296.00800231001887,
            345.7622554905355,
            282.2605123523316,
            354.6584915147883,
            356.87466961534193,
            337.17415945337393,
            351.23344571137216,
            456.3069126208098,
            510.43132448744404,
            510.3089581684205,
            488.92759876842297,
            435.2345467494836,
            482.45719299389265,
            509.7547439162316,
            522.8727190865053,
            553.0
        ],
        [
            510.81735363065104,
            500.47954275620316,
            483.25906857475,
            488.7734055070162,
            443.260997994553,
            447.76206257888987,
            445.55304774450224,
            411.49471353019135,
            422.40933092549693,
            395.4833923471975,
            399.27039937740795,
            380.0,
            380.0,
            380.0,
            380.0,
            380.0,
            380.0,
            380.0,
            380.0,
            380.0,
            380.0,
            385.8874715624991,
            380.0,
            380.0,
            415.9443807946285,
            380.0,
            380.0,
            380.0,
            380.0,
            380.0,
            475.54263857490406,
            388.64679990131026,
            380.0,
            384.3291907341993,
            380.0,
            394.28450242893916,
            396.7645112527778,
            380.0000000000001,
            390.451713084903,
            508.0339260321705,
            568.6017202694753,
            568.4647865314913,
            544.5380271995444,
            484.45294517565833,
            537.2973350226745,
            567.8445943920066,
            582.5242332774101,
            673.5
        ]
    ]
}