{
    "ucp": {
        "parameters": {
            "num_loads": 10,
            "num_plants": 4,
            "offset_loads": 0
        },
        "loads": [
            1986.5,
            1946.3938009280969,
            1879.5858689578056,
            1900.9790920918308,
            1724.4107936282926,
            1741.8729618233644,
            1733.3029473612237,
            1601.1714594945852,
            1643.5154163927966,
            1539.0545139693706
        ],
        "plants": [
            {
                "A": 95.856,
                "B": 7.374,
                "C": 0.047,
                "Pmin": 193.55,
                "Pmax": 553,
                "AU": 4.39635,
                "AD": 0,
                "initially_on": false,
                "type": "coal, subcritical"
            },
            {
                "A": 96.279,
                "B": 7.592,
                "C": 0.042,
                "Pmin": 261.45,
                "Pmax": 747,
                "AU": 5.93865,
                "AD": 0,
                "initially_on": false,
                "type": "coal, subcritical"
            },
            {
                "A": 95.856,
                "B": 7.374,
                "C": 0.047,
                "Pmin": 145.6,
                "Pmax": 773,
                "AU": 8.275738,
                "AD": 0,
                "initially_on": false,
                "type": "coal, supercritical"
            },
            {
                "A": 96.279,
                "B": 7.592,
                "C": 0.042,
                "Pmin": 380,
                "Pmax": 1900,
                "AU": 20.3414,
                "AD": 0,
                "initially_on": false,
                "type": "coal, supercritical"
            }
        ]
    },
    "time": 1218.917825460434,
    "optimal": true,
    "o": 486041.4058026114,
    "u": [
        [
            true,
            true,
            true,
            true,
            true,
            true,
            true,
            true,
            true,
            true
        ],
        [
            true,
            true,
            true,
            true,
            true,
            true,
            true,
            true,
            true,
            true
        ],
        [
            true,
            true,
            true,
            true,
            true,
            true,
            true,
            true,
            true,
            true
        ],
        [
            true,
            true,
            true,
            true,
            true,
            true,
            true,
            true,
            true,
            true
        ]
    ],
    "p": [
        [
            469.9494335150271,
            460.4861731547811,
            444.72250397123076,
            449.77034308717435,
            408.10816072043866,
            412.22844755671827,
            410.2063093330672,
            379.02921700205957,
            389.0204876310086,
            364.3724097766845
        ],
        [
            523.3005565533697,
            512.7107175787012,
            495.0704211112641,
            500.7191934553327,
            454.09722747330596,
            458.7080246472501,
            456.44515568268196,
            421.55650474078146,
            432.73721234937886,
            405.15483951237997
        ],
        [
            469.94943351581924,
            460.4861731554606,
            444.7225039717665,
            449.7703430877513,
            408.10816072075824,
            412.2284475570571,
            410.2063093333964,
            379.0292170022625,
            389.0204876312486,
            364.372409776836
        ],
        [
            523.3005565541154,
            512.7107175794685,
            495.07042111209245,
            500.71919345613736,
            454.09722747449706,
            458.7080246483747,
            456.44515568383804,
            421.5565047429647,
            432.7372123510665,
            405.1548395161661
        ]
    ]
}