{
    "ucp": {
        "parameters": {
            "num_loads": 34,
            "num_plants": 2,
            "offset_loads": 0
        },
        "loads": [
            1226.5,
            1201.7377280837204,
            1160.489337164233,
            1173.6978889759027,
            1064.68151944883,
            1075.4629688781054,
            1070.1716913861267,
            988.5913894135961,
            1014.7352923260836,
            950.2392959393069,
            959.3103554713981,
            911.8998766115707,
            842.5354449441061,
            876.9500403407174,
            860.4817652944375,
            801.3568471765691,
            860.2416435830036,
            824.6499568675019,
            859.1897597079663,
            851.814639809259,
            836.0897251494491,
            927.2540814684503,
            857.0565164018882,
            825.8597717465155,
            999.2497262793382,
            882.4367763320693,
            834.6273694642556,
            864.3783743580985,
            874.5255021292992,
            865.6217504040998,
            1142.0060876450746,
            933.8635309585121,
            855.1092242635244,
            923.5215142674982
        ],
        "plants": [
            {
                "A": 95.856,
                "B": 7.374,
                "C": 0.047,
                "Pmin": 193.55,
                "Pmax": 553,
                "AU": 4.39635,
                "AD": 0,
                "initially_on": false,
                "type": "coal, subcritical"
            },
            {
                "A": 96.279,
                "B": 7.592,
                "C": 0.042,
                "Pmin": 380,
                "Pmax": 1900,
                "AU": 20.3414,
                "AD": 0,
                "initially_on": false,
                "type": "coal, supercritical"
            }
        ]
    },
    "time": 56.08737254142761,
    "optimal": false,
    "o": 935029.2006481821,
    "u": [
        [
            true,
            true,
            true,
            true,
            true,
            true,
            true,
            true,
            true,
            true,
            true,
            true,
            true,
            true,
            true,
            true,
            true,
            true,
            true,
            true,
            true,
            true,
            true,
            true,
            true,
            true,
            true,
            true,
            true,
            true,
            true,
            true,
            true,
            true
        ],
        [
            true,
            true,
            true,
            true,
            true,
            true,
            true,
            true,
            true,
            true,
            true,
            true,
            true,
            true,
            true,
            true,
            true,
            true,
            true,
            true,
            true,
            true,
            true,
            true,
            true,
            true,
            true,
            true,
            true,
            true,
            true,
            true,
            true,
            true
        ]
    ],
    "p": [
        [
            553.0,
            553.0,
            548.871369963882,
            553.0,
            503.65869219198345,
            508.74656717913336,
            506.24955983535074,
            467.7509905484949,
            480.0885626508705,
            449.6522498935497,
            453.932974596278,
            431.55949029626674,
            398.8257137084662,
            415.0663092124735,
            407.29476372157757,
            379.3931171001729,
            407.1814478582761,
            390.38537106022255,
            406.6850532229786,
            403.20465957928843,
            395.7839133702112,
            438.80529480126137,
            405.67835413946403,
            390.95629493305614,
            472.7807674724666,
            417.6555553984605,
            395.0938129377381,
            409.13361293400055,
            413.9221451180978,
            409.72037466085044,
            540.1489376755745,
            441.9243608380625,
            404.75940729211203,
            437.04385860233174
        ],
        [
            673.5,
            648.7377280837204,
            611.6179617129922,
            620.6978889759027,
            561.0228222216971,
            566.7163966129125,
            563.9221264896762,
            520.8403941890774,
            534.646724875751,
            500.5870415507332,
            505.3773763372496,
            480.34038200120085,
            443.70972724896035,
            461.8837269790788,
            453.18699750138256,
            421.9637262841787,
            453.06019165435833,
            434.2645819050162,
            452.50470241963734,
            448.6099761994461,
            440.30580782298074,
            488.4487822805802,
            451.3781582071679,
            434.90347290552563,
            526.4689540804386,
            464.78121675858284,
            439.53355257715833,
            455.24475733427414,
            460.6033528734938,
            455.90137164763644,
            601.8571445692668,
            491.93916570272717,
            450.34981292564095,
            486.4776512960647
        ]
    ]
}