{
    "ucp": {
        "parameters": {
            "num_loads": 14,
            "num_plants": 4,
            "offset_loads": 0
        },
        "loads": [
            400.0,
            391.9242488654612,
            378.4718588387225,
            382.77958058733066,
            347.22593377866446,
            350.7421015501363,
            349.01645051320884,
            322.4105632005205,
            330.93690740353316,
            309.9027463316125,
            312.86110247742295,
            297.39906289818856,
            274.777152855803,
            286.0008284845389
        ],
        "plants": [
            {
                "A": 96.279,
                "B": 7.592,
                "C": 0.042,
                "Pmin": 10,
                "Pmax": 100,
                "AU": 20,
                "AD": 0,
                "initially_on": false,
                "type": "coal"
            },
            {
                "A": 101.1,
                "B": 7.881,
                "C": 0.049,
                "Pmin": 10,
                "Pmax": 100,
                "AU": 20,
                "AD": 15,
                "initially_on": false,
                "type": "gas"
            },
            {
                "A": 102.0,
                "B": 7.9,
                "C": 0.048,
                "Pmin": 10,
                "Pmax": 100,
                "AU": 40,
                "AD": 5,
                "initially_on": false,
                "type": "gas"
            },
            {
                "A": 95.856,
                "B": 7.374,
                "C": 0.047,
                "Pmin": 10,
                "Pmax": 100,
                "AU": 30,
                "AD": 10,
                "initially_on": false,
                "type": "coal"
            }
        ]
    },
    "time": 11.920108318328857,
    "optimal": true,
    "o": 60801.585796136445,
    "u": [
        [
            true,
            true,
            true,
            true,
            true,
            true,
            true,
            true,
            true,
            true,
            true,
            true,
            true,
            true
        ],
        [
            true,
            true,
            true,
            true,
            true,
            true,
            true,
            true,
            true,
            true,
            true,
            true,
            true,
            true
        ],
        [
            true,
            true,
            true,
            true,
            true,
            true,
            true,
            true,
            true,
            true,
            true,
            true,
            true,
            true
        ],
        [
            true,
            true,
            true,
            true,
            true,
            true,
            true,
            true,
            true,
            true,
            true,
            true,
            true,
            true
        ]
    ],
    "p": [
        [
            100.0,
            100.0,
            100.0,
            100.0,
            96.82497169642215,
            97.7947457034768,
            97.31880381959645,
            89.98078695044859,
            92.33238895180416,
            86.5310778479365,
            87.3470050584266,
            83.08250797382888,
            76.8432890121656,
            79.93882644793133
        ],
        [
            100.0,
            95.07076138552938,
            89.20720758748011,
            90.61340401413479,
            80.04385334698567,
            80.87508823855823,
            80.46713803585418,
            74.17740923626351,
            76.19306810034725,
            71.22051571524685,
            71.9198818964988,
            68.26459867787855,
            62.916696708477176,
            65.57001451146154
        ],
        [
            100.0,
            96.85348554460388,
            90.86777440731343,
            92.30326659040001,
            81.51351695737044,
            82.36206924240122,
            81.94562007720027,
            75.52485526148287,
            77.58250701845199,
            72.50635979223344,
            73.22029610223676,
            69.4888611499925,
            64.02954455631193,
            66.73813981348984
        ],
        [
            99.99999999999999,
            100.0,
            98.39687587606157,
            99.86290900917109,
            88.84359177788623,
            89.71019836569998,
            89.28488858055793,
            82.72751175232557,
            84.82894333292975,
            79.64479297619572,
            80.37391942026076,
            76.5630922357698,
            70.98761997050912,
            73.7538449137517
        ]
    ]
}