{
    "ucp": {
        "loads": [
            400.0,
            391.9242488654612,
            378.4718588387225,
            382.77958058733066,
            347.22593377866446,
            350.7421015501363,
            349.01645051320884,
            322.4105632005205,
            330.93690740353316,
            309.9027463316125,
            312.86110247742295,
            297.39906289818856,
            274.777152855803,
            286.0008284845389,
            280.63000906463515,
            261.3475245581962,
            280.5516978664504,
            268.94413595352694,
            280.208645644669,
            277.8033884416662
        ],
        "plants": [
            {
                "A": 96.279,
                "B": 7.592,
                "C": 0.042,
                "Pmin": 10,
                "Pmax": 100,
                "AU": 20,
                "AD": 0,
                "initially_on": false,
                "type": "coal"
            },
            {
                "A": 96.279,
                "B": 7.592,
                "C": 0.042,
                "Pmin": 10,
                "Pmax": 100,
                "AU": 20,
                "AD": 0,
                "initially_on": false,
                "type": "coal"
            },
            {
                "A": 95.856,
                "B": 7.374,
                "C": 0.047,
                "Pmin": 10,
                "Pmax": 100,
                "AU": 30,
                "AD": 10,
                "initially_on": false,
                "type": "coal"
            },
            {
                "A": 96.279,
                "B": 7.592,
                "C": 0.042,
                "Pmin": 10,
                "Pmax": 100,
                "AU": 20,
                "AD": 0,
                "initially_on": false,
                "type": "coal"
            }
        ]
    },
    "time": 10830.913055181503,
    "optimal": true,
    "o": 78320.08430635647,
    "u": [
        [
            true,
            true,
            true,
            true,
            true,
            true,
            true,
            true,
            true,
            true,
            true,
            true,
            true,
            true,
            true,
            true,
            true,
            true,
            true,
            true
        ],
        [
            true,
            true,
            true,
            true,
            true,
            true,
            true,
            true,
            true,
            true,
            true,
            true,
            true,
            true,
            true,
            true,
            true,
            true,
            true,
            true
        ],
        [
            true,
            true,
            true,
            true,
            true,
            true,
            true,
            true,
            true,
            true,
            true,
            true,
            true,
            true,
            true,
            true,
            true,
            true,
            true,
            true
        ],
        [
            true,
            true,
            true,
            true,
            true,
            true,
            true,
            true,
            true,
            true,
            true,
            true,
            true,
            true,
            true,
            true,
            true,
            true,
            true,
            true
        ]
    ],
    "p": [
        [
            100.0,
            100.0,
            96.6075265860379,
            97.71388135143816,
            88.58261687196246,
            89.48567635423007,
            89.04247636115129,
            82.20927033011895,
            84.39909643688452,
            78.99688020533625,
            79.7566765925079,
            75.78555116512892,
            69.97555221486009,
            72.85813554403238,
            71.47874477793683,
            66.52641274164677,
            71.45863206603387,
            68.47745499280386,
            71.3705257585988,
            70.75278211120398
        ],
        [
            100.0,
            100.0,
            96.60752658603793,
            97.71388135143816,
            88.58261687196246,
            89.48567635423007,
            89.04247636115129,
            82.20927033011895,
            84.39909643688452,
            78.99688020533625,
            79.7566765925079,
            75.78555116512892,
            69.97555221486009,
            72.85813554403238,
            71.47874477793683,
            66.52641274164677,
            71.45863206603387,
            68.47745499280386,
            71.3705257585988,
            70.75278211120398
        ],
        [
            99.99999999999999,
            91.92424886546121,
            88.64927908060872,
            89.6379365330162,
            81.47808316277708,
            82.28507248744606,
            81.88902142975502,
            75.78275221016368,
            77.73961809287957,
            72.91210571560374,
            73.59107269989926,
            70.04240742431026,
            64.85049346870274,
            67.42641899691938,
            66.19377192933423,
            61.76828372666491,
            66.17579886763363,
            63.51176829153785,
            66.09706557162718,
            65.54503933352554
        ],
        [
            100.0,
            100.0,
            96.60752658603793,
            97.71388135143816,
            88.58261687196246,
            89.48567635423007,
            89.04247636115129,
            82.20927033011895,
            84.39909643688452,
            78.99688020533625,
            79.7566765925079,
            75.78555116512892,
            69.97555221486009,
            72.85813554403238,
            71.47874477793683,
            66.52641274164677,
            71.45863206603387,
            68.47745499280386,
            71.3705257585988,
            70.75278211120398
        ]
    ]
}