{
    "ucp": {
        "parameters": {
            "num_loads": 4,
            "num_plants": 4,
            "offset_loads": 0
        },
        "loads": [
            1986.5,
            1946.3938009280969,
            1879.5858689578056,
            1900.9790920918308
        ],
        "plants": [
            {
                "A": 96.279,
                "B": 7.592,
                "C": 0.042,
                "Pmin": 261.45,
                "Pmax": 747,
                "AU": 5938.65,
                "AD": 0,
                "initially_on": false,
                "type": "coal, subcritical"
            },
            {
                "A": 95.856,
                "B": 7.374,
                "C": 0.047,
                "Pmin": 145.6,
                "Pmax": 773,
                "AU": 8275.738,
                "AD": 0,
                "initially_on": false,
                "type": "coal, supercritical"
            },
            {
                "A": 96.279,
                "B": 7.592,
                "C": 0.042,
                "Pmin": 380,
                "Pmax": 1900,
                "AU": 2341.4,
                "AD": 0,
                "initially_on": false,
                "type": "coal, supercritical"
            },
            {
                "A": 95.856,
                "B": 7.374,
                "C": 0.047,
                "Pmin": 193.55,
                "Pmax": 553,
                "AU": 4396.35,
                "AD": 0,
                "initially_on": false,
                "type": "coal, subcritical"
            }
        ]
    },
    "time": 1.220599889755249,
    "optimal": true,
    "o": 224333.84162792325,
    "u": [
        [
            true,
            true,
            true,
            true
        ],
        [
            true,
            true,
            true,
            true
        ],
        [
            true,
            true,
            true,
            true
        ],
        [
            true,
            true,
            true,
            true
        ]
    ],
    "p": [
        [
            523.3005565525006,
            512.7107175776154,
            495.0704211101774,
            500.719193454247
        ],
        [
            469.94943351500063,
            460.486173154465,
            444.7225039707968,
            449.77034308677395
        ],
        [
            523.3005565525023,
            512.7107175776172,
            495.0704211101793,
            500.7191934542486
        ],
        [
            469.9494335149989,
            460.4861731544635,
            444.7225039707957,
            449.7703430867726
        ]
    ]
}